"RelativePath","SizeBytes","SizeKB","LastModified","Status"
"seo-migration\_archived-pathB-dotnet-iis\dotnet\appsettings.json","686","0.67","2026-08-21 15:11:49","ARCHIVED"
"seo-migration\_archived-pathB-dotnet-iis\dotnet\NotFoundFallbackMiddleware.cs","6384","6.23","2026-08-21 15:11:22","ARCHIVED"
"seo-migration\_archived-pathB-dotnet-iis\dotnet\Program.cs","1709","1.67","2026-08-21 15:11:34","ARCHIVED"
"seo-migration\_archived-pathB-dotnet-iis\dotnet\redirect-map.json","1381","1.35","2026-08-21 15:11:43","ARCHIVED"
"seo-migration\_archived-pathB-dotnet-iis\dotnet\RedirectMapService.cs","3979","3.89","2026-08-21 15:10:28","ARCHIVED"
"seo-migration\_archived-pathB-dotnet-iis\dotnet\SeoRedirectMiddleware.cs","5668","5.54","2026-08-21 15:10:53","ARCHIVED"
"seo-migration\_archived-pathB-dotnet-iis\iis\web.config","9789","9.56","2026-08-21 15:10:10","ARCHIVED"
"seo-audit-export\00_README.txt","2245","2.19","2026-08-21 14:40:24","AUDIT-EXPORT"
"seo-audit-export\01_URL_LIST.csv","4424","4.32","2026-08-21 14:39:25","AUDIT-EXPORT"
"seo-audit-export\02_URL_LIST_PLAIN.txt","704","0.69","2026-08-21 14:39:25","AUDIT-EXPORT"
"seo-audit-export\03_sitemap.xml","2772","2.71","2026-08-21 14:39:45","AUDIT-EXPORT"
"seo-audit-export\04_NON_PAGE_URLS_AND_REDIRECTS.csv","2295","2.24","2026-08-21 14:40:05","AUDIT-EXPORT"
"seo-audit-export\05_ALL_IMAGE_ASSET_URLS.csv","19534","19.08","2026-08-21 14:40:05","AUDIT-EXPORT"
"seo-audit-export\06_INTERNAL_LINK_MAP.csv","50696","49.51","2026-08-21 14:22:37","AUDIT-EXPORT"
"seo-audit-export\07_FULL_SEO_AUDIT.csv","10609","10.36","2026-08-21 14:28:57","AUDIT-EXPORT"
"seo-migration\apache\.htaccess","7322","7.15","2026-08-21 15:09:31","DEPLOYMENT"
"seo-migration\deploy\.htaccess","9214","9","2026-08-21 15:22:35","DEPLOYMENT"
"seo-migration\deploy\404.html","2991","2.92","2026-08-21 15:23:35","DEPLOYMENT"
"seo-migration\deploy\robots.txt","401","0.39","2026-08-21 15:23:42","DEPLOYMENT"
"seo-migration\deploy\sitemap.xml","4124","4.03","2026-08-21 15:27:23","DEPLOYMENT"
"seo-migration\00_AUDIT_FINDINGS.md","6302","6.15","2026-08-21 15:21:51","MIGRATION-KIT"
"seo-migration\00_README.md","7577","7.4","2026-08-21 15:13:21","MIGRATION-KIT"
"seo-migration\01_redirect-map.csv","2400","2.34","2026-08-21 15:08:53","MIGRATION-KIT"
"seo-migration\05_verify-redirects.ps1","5647","5.51","2026-08-21 15:12:18","MIGRATION-KIT"
"seo-migration\build-deploy.ps1","17290","16.88","2026-08-21 15:45:54","MIGRATION-KIT"
"seo-migration\FINAL_CUTOVER_REPORT.md","11381","11.11","2026-08-21 15:47:23","MIGRATION-KIT"
"seo-migration\lib-extract.ps1","9100","8.89","2026-08-21 15:45:42","MIGRATION-KIT"
"seo-migration\POST_LAUNCH_CHECKLIST.md","3762","3.67","2026-08-21 15:28:21","MIGRATION-KIT"
"seo-migration\PRE_LAUNCH_CHECKLIST.md","5552","5.42","2026-08-21 15:27:56","MIGRATION-KIT"
"seo-migration\qa-report.csv","6190","6.04","2026-08-21 15:46:12","MIGRATION-KIT"
"seo-migration\qa-staging.ps1","13707","13.39","2026-08-21 15:44:53","MIGRATION-KIT"
"seo-migration\seo-metadata.json","4726","4.62","2026-08-21 15:40:13","MIGRATION-KIT"
"seo-migration\TEST_COMMANDS.md","6047","5.91","2026-08-21 15:28:58","MIGRATION-KIT"
"seo-migration\test-live.ps1","8071","7.88","2026-08-21 15:25:37","MIGRATION-KIT"
"about.html","87758","85.7","2026-08-21 11:39:27","SOURCE"
"adventure-group.html","36318","35.47","2026-08-17 13:49:44","SOURCE"
"assets\css.zip","415531","405.79","2026-08-04 11:26:56","SOURCE"
"assets\css\app.min.css","221692","216.5","2026-08-04 11:26:57","SOURCE"
"assets\css\bootstrap.min.css","194246","189.69","2026-08-04 11:26:57","SOURCE"
"assets\css\fontawesome.min.css","454857","444.2","2026-08-04 11:26:57","SOURCE"
"assets\css\magnific-popup.min.css","5272","5.15","2026-08-04 11:26:57","SOURCE"
"assets\css\site-fixes.css","19649","19.19","2026-08-04 11:26:57","SOURCE"
"assets\css\style.css","654882","639.53","2026-08-04 11:26:57","SOURCE"
"assets\css\style.css.map","275481","269.02","2026-08-04 11:26:57","SOURCE"
"assets\css\swiper-bundle.min.css","22140","21.62","2026-08-04 11:26:57","SOURCE"
"assets\fonts\fontawesome\brands.svg","475910","464.76","2026-08-04 11:26:57","SOURCE"
"assets\fonts\fontawesome\duotone.svg","2855020","2788.11","2026-08-04 11:26:57","SOURCE"
"assets\fonts\fontawesome\fa-brands-400.eot","133034","129.92","2026-08-04 11:26:57","SOURCE"
"assets\fonts\fontawesome\fa-brands-400.ttf","181500","177.25","2026-08-04 11:26:57","SOURCE"
"assets\fonts\fontawesome\fa-brands-400.woff","89824","87.72","2026-08-04 11:26:57","SOURCE"
"assets\fonts\fontawesome\fa-brands-400.woff2","105252","102.79","2026-08-04 11:26:57","SOURCE"
"assets\fonts\fontawesome\fa-duotone-900.eot","572078","558.67","2026-08-04 11:26:57","SOURCE"
"assets\fonts\fontawesome\fa-duotone-900.ttf","1119916","1093.67","2026-08-04 11:26:57","SOURCE"
"assets\fonts\fontawesome\fa-duotone-900.woff","268072","261.79","2026-08-04 11:26:57","SOURCE"
"assets\fonts\fontawesome\fa-duotone-900.woff2","399412","390.05","2026-08-04 11:26:57","SOURCE"
"assets\fonts\fontawesome\fa-light-300.eot","495342","483.73","2026-08-04 11:26:57","SOURCE"
"assets\fonts\fontawesome\fa-light-300.ttf","986976","963.84","2026-08-04 11:26:57","SOURCE"
"assets\fonts\fontawesome\fa-light-300.woff","252876","246.95","2026-08-04 11:26:57","SOURCE"
"assets\fonts\fontawesome\fa-light-300.woff2","388560","379.45","2026-08-04 11:26:58","SOURCE"
"assets\fonts\fontawesome\fa-regular-400.eot","455974","445.29","2026-08-04 11:26:58","SOURCE"
"assets\fonts\fontawesome\fa-regular-400.ttf","879176","858.57","2026-08-04 11:26:58","SOURCE"
"assets\fonts\fontawesome\fa-regular-400.woff","231248","225.83","2026-08-04 11:26:58","SOURCE"
"assets\fonts\fontawesome\fa-regular-400.woff2","354424","346.12","2026-08-04 11:26:58","SOURCE"
"assets\fonts\fontawesome\fa-solid-900.eot","388846","379.73","2026-08-04 11:26:58","SOURCE"
"assets\fonts\fontawesome\fa-solid-900.ttf","775600","757.42","2026-08-04 11:26:58","SOURCE"
"assets\fonts\fontawesome\fa-solid-900.woff","188716","184.29","2026-08-04 11:26:58","SOURCE"
"assets\fonts\fontawesome\fa-solid-900.woff2","301680","294.61","2026-08-04 11:26:58","SOURCE"
"assets\fonts\fontawesome\fa-thin-100.ttf","1086840","1061.37","2026-08-04 11:26:58","SOURCE"
"assets\fonts\fontawesome\fa-thin-100.woff2","425296","415.33","2026-08-04 11:26:58","SOURCE"
"assets\fonts\fontawesome\fa-v4compatibility.ttf","10552","10.3","2026-08-04 11:26:58","SOURCE"
"assets\fonts\fontawesome\fa-v4compatibility.woff2","5004","4.89","2026-08-04 11:26:58","SOURCE"
"assets\fonts\fontawesome\light.svg","3087021","3014.67","2026-08-04 11:26:58","SOURCE"
"assets\fonts\fontawesome\regular.svg","2706462","2643.03","2026-08-04 11:26:58","SOURCE"
"assets\fonts\fontawesome\solid.svg","2269925","2216.72","2026-08-04 11:26:58","SOURCE"
"assets\fonts\fontawesome\thin.svg","3452052","3371.14","2026-08-04 11:26:58","SOURCE"
"assets\img\01.png","2025","1.98","2026-08-04 11:26:58","SOURCE"
"assets\img\bg\about_bg_1.jpg","14124","13.79","2026-08-04 11:26:59","SOURCE"
"assets\img\bg\about_bg_2.jpg","16256","15.88","2026-08-04 11:26:59","SOURCE"
"assets\img\bg\breadcumb-bg.jpg","8668","8.46","2026-08-04 11:26:59","SOURCE"
"assets\img\bg\category_bg_1.png","12637","12.34","2026-08-04 11:26:59","SOURCE"
"assets\img\bg\contact_bg_1.jpg","11415","11.15","2026-08-04 11:26:59","SOURCE"
"assets\img\bg\contact_bg_2.jpg","14214","13.88","2026-08-04 11:26:59","SOURCE"
"assets\img\bg\contact_bg_3.jpg","10849","10.59","2026-08-04 11:26:59","SOURCE"
"assets\img\bg\contact_bg_5.jpg","10948","10.69","2026-08-04 11:26:59","SOURCE"
"assets\img\bg\contact_bg_6.jpg","12084","11.8","2026-08-04 11:26:59","SOURCE"
"assets\img\bg\contact_bg_7.jpg","10948","10.69","2026-08-04 11:26:59","SOURCE"
"assets\img\bg\copyright_bg_1.jpg","4435","4.33","2026-08-04 11:26:59","SOURCE"
"assets\img\bg\cta_bg_1.png","11354","11.09","2026-08-04 11:26:59","SOURCE"
"assets\img\bg\cta_bg_2.jpg","10954","10.7","2026-08-04 11:26:59","SOURCE"
"assets\img\bg\destination_bg_1.png","10934","10.68","2026-08-04 11:26:59","SOURCE"
"assets\img\bg\footer_bg_1.jpg","10313","10.07","2026-08-04 11:26:59","SOURCE"
"assets\img\bg\footer_bg-2.png","15314","14.96","2026-08-04 11:26:59","SOURCE"
"assets\img\bg\gallery_bg_1.jpg","11267","11","2026-08-04 11:26:59","SOURCE"
"assets\img\bg\hero_bg_4_1.png","14802","14.46","2026-08-04 11:26:59","SOURCE"
"assets\img\bg\hero_bg_5_1.png","15158","14.8","2026-08-04 11:26:59","SOURCE"
"assets\img\bg\hero_bg_6_1.png","14719","14.37","2026-08-04 11:27:00","SOURCE"
"assets\img\bg\hero_bg_7_1.jpg","13814","13.49","2026-08-04 11:27:00","SOURCE"
"assets\img\bg\hero_bg_8_1.png","14735","14.39","2026-08-04 11:27:00","SOURCE"
"assets\img\bg\line-pattern.png","14677","14.33","2026-08-04 11:27:00","SOURCE"
"assets\img\bg\line-pattern2.png","13427","13.11","2026-08-04 11:27:00","SOURCE"
"assets\img\bg\line-pattern3.png","14227","13.89","2026-08-04 11:27:00","SOURCE"
"assets\img\bg\map.png","7712","7.53","2026-08-04 11:27:00","SOURCE"
"assets\img\bg\shape_bg_1.png","16814","16.42","2026-08-04 11:27:00","SOURCE"
"assets\img\bg\subscribe cta.png","95303","93.07","2026-08-04 11:27:00","SOURCE"
"assets\img\bg\subscribe_bg_1.png","10210","9.97","2026-08-04 11:27:00","SOURCE"
"assets\img\bg\subscribe-cta.png","10215","9.98","2026-08-04 11:27:00","SOURCE"
"assets\img\bg\team_bg_1.png","15626","15.26","2026-08-04 11:27:00","SOURCE"
"assets\img\bg\team_bg_2.jpg","9356","9.14","2026-08-04 11:27:00","SOURCE"
"assets\img\bg\testi_bg_1.jpg","12919","12.62","2026-08-04 11:27:00","SOURCE"
"assets\img\bg\tour_bg_1.jpg","11001","10.74","2026-08-04 11:27:00","SOURCE"
"assets\img\bg\tour_bg_2.jpg","11267","11","2026-08-04 11:27:00","SOURCE"
"assets\img\bg\tour_bg_3.jpg","9356","9.14","2026-08-04 11:27:00","SOURCE"
"assets\img\bg\video_bg_1.jpg","13525","13.21","2026-08-04 11:27:00","SOURCE"
"assets\img\bg\widget_bg_1.jpg","2610","2.55","2026-08-04 11:27:00","SOURCE"
"assets\img\blog\blog_1_1.jpg","1987","1.94","2026-08-04 11:27:00","SOURCE"
"assets\img\blog\blog_1_2.jpg","1987","1.94","2026-08-04 11:27:00","SOURCE"
"assets\img\blog\blog_1_3.jpg","1987","1.94","2026-08-04 11:27:00","SOURCE"
"assets\img\blog\blog_10_1.jpg","1987","1.94","2026-08-04 11:27:00","SOURCE"
"assets\img\blog\blog_10_2.jpg","1987","1.94","2026-08-04 11:27:00","SOURCE"
"assets\img\blog\blog_10_3.jpg","1987","1.94","2026-08-04 11:27:00","SOURCE"
"assets\img\blog\blog_2_1.jpg","1987","1.94","2026-08-04 11:27:00","SOURCE"
"assets\img\blog\blog_2_2.jpg","1987","1.94","2026-08-04 11:27:00","SOURCE"
"assets\img\blog\blog_2_3.jpg","1987","1.94","2026-08-04 11:27:00","SOURCE"
"assets\img\blog\blog_3_1.jpg","1789","1.75","2026-08-04 11:27:00","SOURCE"
"assets\img\blog\blog_3_2.jpg","1675","1.64","2026-08-04 11:27:00","SOURCE"
"assets\img\blog\blog_3_3.jpg","1675","1.64","2026-08-04 11:27:00","SOURCE"
"assets\img\blog\blog_4_1.jpg","1928","1.88","2026-08-04 11:27:00","SOURCE"
"assets\img\blog\blog_4_2.jpg","1989","1.94","2026-08-04 11:27:00","SOURCE"
"assets\img\blog\blog_4_3.jpg","1989","1.94","2026-08-04 11:27:00","SOURCE"
"assets\img\blog\blog_5_1.jpg","1692","1.65","2026-08-04 11:27:00","SOURCE"
"assets\img\blog\blog_5_2.jpg","1692","1.65","2026-08-04 11:27:00","SOURCE"
"assets\img\blog\blog_5_3.jpg","2174","2.12","2026-08-04 11:27:00","SOURCE"
"assets\img\blog\blog_6_1.jpg","1987","1.94","2026-08-04 11:27:00","SOURCE"
"assets\img\blog\blog_6_2.jpg","1987","1.94","2026-08-04 11:27:00","SOURCE"
"assets\img\blog\blog_6_3.jpg","1987","1.94","2026-08-04 11:27:01","SOURCE"
"assets\img\blog\blog_7_1.jpg","2150","2.1","2026-08-04 11:27:01","SOURCE"
"assets\img\blog\blog_7_2.jpg","1978","1.93","2026-08-04 11:27:01","SOURCE"
"assets\img\blog\blog_7_3.jpg","1978","1.93","2026-08-04 11:27:01","SOURCE"
"assets\img\blog\blog_8_1.jpg","2243","2.19","2026-08-04 11:27:01","SOURCE"
"assets\img\blog\blog_8_2.jpg","1656","1.62","2026-08-04 11:27:01","SOURCE"
"assets\img\blog\blog_8_3.jpg","1675","1.64","2026-08-04 11:27:01","SOURCE"
"assets\img\blog\blog_9_1.jpg","1404","1.37","2026-08-04 11:27:01","SOURCE"
"assets\img\blog\blog_9_2.jpg","1404","1.37","2026-08-04 11:27:01","SOURCE"
"assets\img\blog\blog_9_3.jpg","1404","1.37","2026-08-04 11:27:01","SOURCE"
"assets\img\blog\blog_inner_1.jpg","5977","5.84","2026-08-04 11:27:01","SOURCE"
"assets\img\blog\blog-s-1-1.jpg","6143","6","2026-08-04 11:27:00","SOURCE"
"assets\img\blog\blog-s-1-2.jpg","6143","6","2026-08-04 11:27:00","SOURCE"
"assets\img\blog\blog-s-1-3.jpg","6143","6","2026-08-04 11:27:00","SOURCE"
"assets\img\blog\blog-s-1-4.jpg","6143","6","2026-08-04 11:27:00","SOURCE"
"assets\img\blog\comment-author-1.jpg","726","0.71","2026-08-04 11:27:01","SOURCE"
"assets\img\blog\comment-author-2.jpg","726","0.71","2026-08-04 11:27:01","SOURCE"
"assets\img\blog\comment-author-3.jpg","726","0.71","2026-08-04 11:27:01","SOURCE"
"assets\img\blog\comment-author-4.jpg","737","0.72","2026-08-04 11:27:01","SOURCE"
"assets\img\blog\comment-author-5.jpg","737","0.72","2026-08-04 11:27:01","SOURCE"
"assets\img\blog\recent-post-1-1.jpg","726","0.71","2026-08-04 11:27:01","SOURCE"
"assets\img\blog\recent-post-1-2.jpg","726","0.71","2026-08-04 11:27:01","SOURCE"
"assets\img\blog\recent-post-1-3.jpg","726","0.71","2026-08-04 11:27:01","SOURCE"
"assets\img\brand\1.png","12858","12.56","2026-08-04 11:27:01","SOURCE"
"assets\img\brand\10.png","11596","11.32","2026-08-04 11:27:01","SOURCE"
"assets\img\brand\2.png","11622","11.35","2026-08-04 11:27:01","SOURCE"
"assets\img\brand\3.png","9257","9.04","2026-08-04 11:27:01","SOURCE"
"assets\img\brand\4.png","12586","12.29","2026-08-04 11:27:01","SOURCE"
"assets\img\brand\5.png","13619","13.3","2026-08-04 11:27:01","SOURCE"
"assets\img\brand\6.png","14462","14.12","2026-08-04 11:27:01","SOURCE"
"assets\img\brand\7.png","14522","14.18","2026-08-04 11:27:01","SOURCE"
"assets\img\brand\8.png","8071","7.88","2026-08-04 11:27:01","SOURCE"
"assets\img\brand\9.png","7991","7.8","2026-08-04 11:27:01","SOURCE"
"assets\img\brand\brand_1_1.svg","52130","50.91","2026-08-04 11:27:01","SOURCE"
"assets\img\brand\brand_1_2.svg","66202","64.65","2026-08-04 11:27:01","SOURCE"
"assets\img\brand\brand_1_3.svg","52130","50.91","2026-08-04 11:27:01","SOURCE"
"assets\img\brand\brand_1_4.svg","64610","63.1","2026-08-04 11:27:01","SOURCE"
"assets\img\brand\brand_1_5.svg","60030","58.62","2026-08-04 11:27:01","SOURCE"
"assets\img\brand\brand_1_6.svg","64610","63.1","2026-08-04 11:27:01","SOURCE"
"assets\img\brand\brand_1_7.svg","66202","64.65","2026-08-04 11:27:01","SOURCE"
"assets\img\brand\brand_1_8.svg","61026","59.6","2026-08-04 11:27:01","SOURCE"
"assets\img\category\category_1_1.jpg","1887","1.84","2026-08-04 11:27:01","SOURCE"
"assets\img\category\category_1_2.jpg","1866","1.82","2026-08-04 11:27:01","SOURCE"
"assets\img\category\category_1_3.jpg","1890","1.85","2026-08-04 11:27:01","SOURCE"
"assets\img\category\category_1_4.jpg","1874","1.83","2026-08-04 11:27:01","SOURCE"
"assets\img\category\category_1_5.jpg","1887","1.84","2026-08-04 11:27:01","SOURCE"
"assets\img\category\category_10_1.jpg","1435","1.4","2026-08-04 11:27:01","SOURCE"
"assets\img\category\category_2_1.jpg","1881","1.84","2026-08-04 11:27:01","SOURCE"
"assets\img\category\category_2_2.jpg","1881","1.84","2026-08-04 11:27:01","SOURCE"
"assets\img\category\category_2_3.jpg","1881","1.84","2026-08-04 11:27:01","SOURCE"
"assets\img\category\category_2_4.jpg","1881","1.84","2026-08-04 11:27:02","SOURCE"
"assets\img\category\category_2_5.jpg","1881","1.84","2026-08-04 11:27:02","SOURCE"
"assets\img\category\category_3_1.jpg","1881","1.84","2026-08-04 11:27:02","SOURCE"
"assets\img\category\category_3_2.jpg","1881","1.84","2026-08-04 11:27:02","SOURCE"
"assets\img\category\category_3_3.jpg","1881","1.84","2026-08-04 11:27:02","SOURCE"
"assets\img\category\category_3_4.jpg","1881","1.84","2026-08-04 11:27:02","SOURCE"
"assets\img\category\category_3_5.jpg","1881","1.84","2026-08-04 11:27:02","SOURCE"
"assets\img\category\category_6_1.jpg","2065","2.02","2026-08-04 11:27:02","SOURCE"
"assets\img\category\category_6_2.jpg","2065","2.02","2026-08-04 11:27:02","SOURCE"
"assets\img\category\category_6_3.jpg","2065","2.02","2026-08-04 11:27:02","SOURCE"
"assets\img\category\category_6_4.jpg","1881","1.84","2026-08-04 11:27:02","SOURCE"
"assets\img\category\category_6_5.jpg","2065","2.02","2026-08-04 11:27:02","SOURCE"
"assets\img\category\category_6_6.jpg","2065","2.02","2026-08-04 11:27:02","SOURCE"
"assets\img\category\category_7_1.jpg","2065","2.02","2026-08-04 11:27:02","SOURCE"
"assets\img\category\category_7_2.jpg","2065","2.02","2026-08-04 11:27:02","SOURCE"
"assets\img\category\category_7_3.jpg","1881","1.84","2026-08-04 11:27:02","SOURCE"
"assets\img\category\category_7_4.jpg","2065","2.02","2026-08-04 11:27:02","SOURCE"
"assets\img\category\category_7_5.jpg","2065","2.02","2026-08-04 11:27:02","SOURCE"
"assets\img\category\category_7_6.jpg","2065","2.02","2026-08-04 11:27:02","SOURCE"
"assets\img\category\category_8_1.jpg","2065","2.02","2026-08-04 11:27:02","SOURCE"
"assets\img\category\category_8_2.jpg","2065","2.02","2026-08-04 11:27:02","SOURCE"
"assets\img\category\category_8_3.jpg","2065","2.02","2026-08-04 11:27:02","SOURCE"
"assets\img\category\category_8_4.jpg","1881","1.84","2026-08-04 11:27:02","SOURCE"
"assets\img\category\category_8_5.jpg","2065","2.02","2026-08-04 11:27:02","SOURCE"
"assets\img\category\category_8_6.jpg","2065","2.02","2026-08-04 11:27:02","SOURCE"
"assets\img\category\category_9_1.jpg","2065","2.02","2026-08-04 11:27:02","SOURCE"
"assets\img\category\category_9_2.jpg","2065","2.02","2026-08-04 11:27:02","SOURCE"
"assets\img\category\category_9_3.jpg","2065","2.02","2026-08-04 11:27:02","SOURCE"
"assets\img\category\category_9_4.jpg","1881","1.84","2026-08-04 11:27:02","SOURCE"
"assets\img\category\category_9_5.jpg","2065","2.02","2026-08-04 11:27:02","SOURCE"
"assets\img\category\category_9_6.jpg","2065","2.02","2026-08-04 11:27:02","SOURCE"
"assets\img\destination\destination_1_1.jpg","1929","1.88","2026-08-04 11:27:02","SOURCE"
"assets\img\destination\destination_1_2.jpg","2500","2.44","2026-08-04 11:27:02","SOURCE"
"assets\img\destination\destination_1_3.jpg","2750","2.69","2026-08-04 11:27:02","SOURCE"
"assets\img\destination\destination_1_4.jpg","2500","2.44","2026-08-04 11:27:02","SOURCE"
"assets\img\destination\destination_1_5.jpg","1929","1.88","2026-08-04 11:27:02","SOURCE"
"assets\img\destination\destination_2_1.jpg","3538","3.46","2026-08-04 11:27:02","SOURCE"
"assets\img\destination\destination_2_2.jpg","3538","3.46","2026-08-04 11:27:02","SOURCE"
"assets\img\destination\destination_2_3.jpg","3538","3.46","2026-08-04 11:27:02","SOURCE"
"assets\img\destination\destination_2_4.jpg","3538","3.46","2026-08-04 11:27:02","SOURCE"
"assets\img\destination\destination_3_1.jpg","1819","1.78","2026-08-04 11:27:02","SOURCE"
"assets\img\destination\destination_3_2.jpg","1819","1.78","2026-08-04 11:27:02","SOURCE"
"assets\img\destination\destination_3_3.jpg","1819","1.78","2026-08-04 11:27:02","SOURCE"
"assets\img\destination\destination_3_4.jpg","1819","1.78","2026-08-04 11:27:02","SOURCE"
"assets\img\destination\destination_4_1.jpg","1819","1.78","2026-08-04 11:27:02","SOURCE"
"assets\img\destination\destination_4_2.jpg","1819","1.78","2026-08-04 11:27:02","SOURCE"
"assets\img\destination\destination_4_3.jpg","1819","1.78","2026-08-04 11:27:03","SOURCE"
"assets\img\destination\destination_4_4.jpg","1819","1.78","2026-08-04 11:27:03","SOURCE"
"assets\img\destination\destination_4_5.jpg","1819","1.78","2026-08-04 11:27:03","SOURCE"
"assets\img\destination\destination_4_6.jpg","1819","1.78","2026-08-04 11:27:03","SOURCE"
"assets\img\destination\destination_4_7.jpg","1819","1.78","2026-08-04 11:27:03","SOURCE"
"assets\img\destination\destination_4_8.jpg","1819","1.78","2026-08-04 11:27:03","SOURCE"
"assets\img\destination\destination_5_1.jpg","3538","3.46","2026-08-04 11:27:03","SOURCE"
"assets\img\destination\destination_5_2.jpg","3538","3.46","2026-08-04 11:27:03","SOURCE"
"assets\img\destination\destination_5_3.jpg","3538","3.46","2026-08-04 11:27:03","SOURCE"
"assets\img\destination\destination_6_1.jpg","1688","1.65","2026-08-04 11:27:03","SOURCE"
"assets\img\destination\destination_6_2.jpg","2112","2.06","2026-08-04 11:27:03","SOURCE"
"assets\img\destination\destination_6_3.jpg","2593","2.53","2026-08-04 11:27:03","SOURCE"
"assets\img\destination\destination_6_4.jpg","1849","1.81","2026-08-04 11:27:03","SOURCE"
"assets\img\destination\destination_6_5.jpg","1688","1.65","2026-08-04 11:27:03","SOURCE"
"assets\img\destination\destination_7_1.jpg","2746","2.68","2026-08-04 11:27:03","SOURCE"
"assets\img\destination\destination_7_2.jpg","2746","2.68","2026-08-04 11:27:03","SOURCE"
"assets\img\destination\destination_7_3.jpg","2746","2.68","2026-08-04 11:27:03","SOURCE"
"assets\img\destination\destination_8_1.jpg","1974","1.93","2026-08-04 11:27:03","SOURCE"
"assets\img\destination\destination_8_2.jpg","6959","6.8","2026-08-04 11:27:03","SOURCE"
"assets\img\destination\destination_8_3.jpg","2388","2.33","2026-08-04 11:27:03","SOURCE"
"assets\img\destination\destination_9_1.jpg","2046","2","2026-08-04 11:27:03","SOURCE"
"assets\img\destination\destination_9_2.jpg","2046","2","2026-08-04 11:27:03","SOURCE"
"assets\img\destination\destination_9_3.jpg","2046","2","2026-08-04 11:27:03","SOURCE"
"assets\img\destination\destination_9_4.jpg","2046","2","2026-08-04 11:27:03","SOURCE"
"assets\img\destination\destination-details.jpg","6500","6.35","2026-08-04 11:27:02","SOURCE"
"assets\img\destination\destination-inner-1.jpg","5977","5.84","2026-08-04 11:27:02","SOURCE"
"assets\img\destination\shape.png","3212","3.14","2026-08-04 11:27:03","SOURCE"
"assets\img\favicons\android-chrome-512x512.png","25417","24.82","2026-08-04 11:27:03","SOURCE"
"assets\img\favicons\android-icon-144x144.png","6705","6.55","2026-08-04 11:27:03","SOURCE"
"assets\img\favicons\android-icon-192x192.png","7843","7.66","2026-08-04 11:27:03","SOURCE"
"assets\img\favicons\android-icon-36x36.png","1754","1.71","2026-08-04 11:27:03","SOURCE"
"assets\img\favicons\android-icon-48x48.png","2205","2.15","2026-08-04 11:27:03","SOURCE"
"assets\img\favicons\android-icon-72x72.png","3333","3.25","2026-08-04 11:27:03","SOURCE"
"assets\img\favicons\android-icon-96x96.png","4406","4.3","2026-08-04 11:27:03","SOURCE"
"assets\img\favicons\apple-icon.png","8364","8.17","2026-08-04 11:27:03","SOURCE"
"assets\img\favicons\apple-icon-114x114.png","5250","5.13","2026-08-04 11:27:03","SOURCE"
"assets\img\favicons\apple-icon-120x120.png","5453","5.33","2026-08-04 11:27:03","SOURCE"
"assets\img\favicons\apple-icon-144x144.png","6705","6.55","2026-08-04 11:27:03","SOURCE"
"assets\img\favicons\apple-icon-152x152.png","7146","6.98","2026-08-04 11:27:03","SOURCE"
"assets\img\favicons\apple-icon-180x180.png","8699","8.5","2026-08-04 11:27:03","SOURCE"
"assets\img\favicons\apple-icon-57x57.png","2375","2.32","2026-08-04 11:27:03","SOURCE"
"assets\img\favicons\apple-icon-60x60.png","2440","2.38","2026-08-04 11:27:03","SOURCE"
"assets\img\favicons\apple-icon-72x72.png","3333","3.25","2026-08-04 11:27:03","SOURCE"
"assets\img\favicons\apple-icon-76x76.png","3489","3.41","2026-08-04 11:27:03","SOURCE"
"assets\img\favicons\apple-icon-precomposed.png","8364","8.17","2026-08-04 11:27:03","SOURCE"
"assets\img\favicons\browserconfig.xml","281","0.27","2026-08-04 11:27:04","SOURCE"
"assets\img\favicons\favicon.ico","1150","1.12","2026-08-04 11:27:04","SOURCE"
"assets\img\favicons\favicon.png","1100","1.07","2026-08-04 11:27:04","SOURCE"
"assets\img\favicons\favicon-16x16.png","1100","1.07","2026-08-04 11:27:04","SOURCE"
"assets\img\favicons\favicon-32x32.png","1635","1.6","2026-08-04 11:27:04","SOURCE"
"assets\img\favicons\favicon-96x96.png","4406","4.3","2026-08-04 11:27:04","SOURCE"
"assets\img\favicons\manifest.json","720","0.7","2026-08-04 11:27:04","SOURCE"
"assets\img\favicons\ms-icon-144x144.png","6705","6.55","2026-08-04 11:27:04","SOURCE"
"assets\img\favicons\ms-icon-150x150.png","6976","6.81","2026-08-04 11:27:04","SOURCE"
"assets\img\favicons\ms-icon-310x310.png","19038","18.59","2026-08-04 11:27:04","SOURCE"
"assets\img\favicons\ms-icon-70x70.png","3255","3.18","2026-08-04 11:27:04","SOURCE"
"assets\img\gallery\gallery_0_1.jpg","1715","1.67","2026-08-04 11:27:04","SOURCE"
"assets\img\gallery\gallery_1_1.jpg","6747","6.59","2026-08-04 11:27:04","SOURCE"
"assets\img\gallery\gallery_1_2.jpg","6314","6.17","2026-08-04 11:27:04","SOURCE"
"assets\img\gallery\gallery_1_3.jpg","6314","6.17","2026-08-04 11:27:04","SOURCE"
"assets\img\gallery\gallery_1_4.jpg","9205","8.99","2026-08-04 11:27:04","SOURCE"
"assets\img\gallery\gallery_1_5.jpg","6445","6.29","2026-08-04 11:27:04","SOURCE"
"assets\img\gallery\gallery_1_6.jpg","6445","6.29","2026-08-04 11:27:04","SOURCE"
"assets\img\gallery\gallery_1_7.jpg","6747","6.59","2026-08-04 11:27:04","SOURCE"
"assets\img\gallery\gallery_10_1.jpg","1520","1.48","2026-08-04 11:27:04","SOURCE"
"assets\img\gallery\gallery_10_2.jpg","1520","1.48","2026-08-04 11:27:04","SOURCE"
"assets\img\gallery\gallery_10_3.jpg","1520","1.48","2026-08-04 11:27:04","SOURCE"
"assets\img\gallery\gallery_10_4.jpg","1520","1.48","2026-08-04 11:27:04","SOURCE"
"assets\img\gallery\gallery_10_5.jpg","1520","1.48","2026-08-04 11:27:04","SOURCE"
"assets\img\gallery\gallery_10_6.jpg","1520","1.48","2026-08-04 11:27:04","SOURCE"
"assets\img\gallery\gallery_11_1.jpg","1715","1.67","2026-08-04 11:27:04","SOURCE"
"assets\img\gallery\gallery_11_2.jpg","2011","1.96","2026-08-04 11:27:04","SOURCE"
"assets\img\gallery\gallery_11_3.jpg","2011","1.96","2026-08-04 11:27:04","SOURCE"
"assets\img\gallery\gallery_11_4.jpg","1715","1.67","2026-08-04 11:27:04","SOURCE"
"assets\img\gallery\gallery_12_1.jpg","1520","1.48","2026-08-04 11:27:04","SOURCE"
"assets\img\gallery\gallery_12_2.jpg","1520","1.48","2026-08-04 11:27:04","SOURCE"
"assets\img\gallery\gallery_12_3.jpg","1520","1.48","2026-08-04 11:27:04","SOURCE"
"assets\img\gallery\gallery_12_4.jpg","1520","1.48","2026-08-04 11:27:04","SOURCE"
"assets\img\gallery\gallery_12_5.jpg","1520","1.48","2026-08-04 11:27:04","SOURCE"
"assets\img\gallery\gallery_12_6.jpg","1520","1.48","2026-08-04 11:27:04","SOURCE"
"assets\img\gallery\gallery_2_1.jpg","8774","8.57","2026-08-04 11:27:04","SOURCE"
"assets\img\gallery\gallery_2_2.jpg","15368","15.01","2026-08-04 11:27:04","SOURCE"
"assets\img\gallery\gallery_2_3.jpg","8889","8.68","2026-08-04 11:27:04","SOURCE"
"assets\img\gallery\gallery_2_4.jpg","8889","8.68","2026-08-04 11:27:04","SOURCE"
"assets\img\gallery\gallery_2_5.jpg","15368","15.01","2026-08-04 11:27:04","SOURCE"
"assets\img\gallery\gallery_2_6.jpg","8774","8.57","2026-08-04 11:27:04","SOURCE"
"assets\img\gallery\gallery_3_1.jpg","14764","14.42","2026-08-04 11:27:04","SOURCE"
"assets\img\gallery\gallery_3_2.jpg","9133","8.92","2026-08-04 11:27:04","SOURCE"
"assets\img\gallery\gallery_3_3.jpg","14678","14.33","2026-08-04 11:27:04","SOURCE"
"assets\img\gallery\gallery_3_4.jpg","9133","8.92","2026-08-04 11:27:04","SOURCE"
"assets\img\gallery\gallery_3_5.jpg","9133","8.92","2026-08-04 11:27:04","SOURCE"
"assets\img\gallery\gallery_3_6.jpg","9133","8.92","2026-08-04 11:27:05","SOURCE"
"assets\img\gallery\gallery_4_1.jpg","2365","2.31","2026-08-04 11:27:05","SOURCE"
"assets\img\gallery\gallery_4_2.jpg","2365","2.31","2026-08-04 11:27:05","SOURCE"
"assets\img\gallery\gallery_4_3.jpg","2365","2.31","2026-08-04 11:27:05","SOURCE"
"assets\img\gallery\gallery_4_4.jpg","2365","2.31","2026-08-04 11:27:05","SOURCE"
"assets\img\gallery\gallery_4_5.jpg","2365","2.31","2026-08-04 11:27:05","SOURCE"
"assets\img\gallery\gallery_5_1.jpg","1715","1.67","2026-08-04 11:27:05","SOURCE"
"assets\img\gallery\gallery_5_2.jpg","2011","1.96","2026-08-04 11:27:05","SOURCE"
"assets\img\gallery\gallery_5_3.jpg","2665","2.6","2026-08-04 11:27:05","SOURCE"
"assets\img\gallery\gallery_5_4.jpg","2011","1.96","2026-08-04 11:27:05","SOURCE"
"assets\img\gallery\gallery_5_5.jpg","1715","1.67","2026-08-04 11:27:05","SOURCE"
"assets\img\gallery\gallery_6_1.jpg","1715","1.67","2026-08-04 11:27:05","SOURCE"
"assets\img\gallery\gallery_6_2.jpg","2011","1.96","2026-08-04 11:27:05","SOURCE"
"assets\img\gallery\gallery_6_3.jpg","2011","1.96","2026-08-04 11:27:05","SOURCE"
"assets\img\gallery\gallery_6_4.jpg","1715","1.67","2026-08-04 11:27:05","SOURCE"
"assets\img\gallery\gallery_7_1.jpg","1881","1.84","2026-08-04 11:27:05","SOURCE"
"assets\img\gallery\gallery_7_2.jpg","1881","1.84","2026-08-04 11:27:05","SOURCE"
"assets\img\gallery\gallery_7_3.jpg","2525","2.47","2026-08-04 11:27:05","SOURCE"
"assets\img\gallery\gallery_7_4.jpg","2525","2.47","2026-08-04 11:27:05","SOURCE"
"assets\img\gallery\gallery_7_5.jpg","1881","1.84","2026-08-04 11:27:05","SOURCE"
"assets\img\gallery\gallery_7_6.jpg","1881","1.84","2026-08-04 11:27:05","SOURCE"
"assets\img\gallery\gallery_7_7.jpg","1881","1.84","2026-08-04 11:27:05","SOURCE"
"assets\img\gallery\gallery_7_8.jpg","1881","1.84","2026-08-04 11:27:05","SOURCE"
"assets\img\gallery\gallery_7_9.jpg","2525","2.47","2026-08-04 11:27:05","SOURCE"
"assets\img\gallery\gallery_8_1.jpg","8394","8.2","2026-08-04 11:27:05","SOURCE"
"assets\img\gallery\gallery_8_2.jpg","4215","4.12","2026-08-04 11:27:05","SOURCE"
"assets\img\gallery\gallery_8_3.jpg","3626","3.54","2026-08-04 11:27:05","SOURCE"
"assets\img\gallery\gallery_8_4.jpg","9941","9.71","2026-08-04 11:27:05","SOURCE"
"assets\img\gallery\gallery_8_5.jpg","9941","9.71","2026-08-04 11:27:05","SOURCE"
"assets\img\gallery\gallery_8_6.jpg","3626","3.54","2026-08-04 11:27:05","SOURCE"
"assets\img\gallery\gallery_8_7.jpg","4215","4.12","2026-08-04 11:27:05","SOURCE"
"assets\img\gallery\gallery_8_8.jpg","8394","8.2","2026-08-04 11:27:05","SOURCE"
"assets\img\gallery\gallery_9_1.jpg","1820","1.78","2026-08-04 11:27:05","SOURCE"
"assets\img\gallery\gallery_9_2.jpg","1820","1.78","2026-08-04 11:27:05","SOURCE"
"assets\img\gallery\gallery_9_3.jpg","1820","1.78","2026-08-04 11:27:05","SOURCE"
"assets\img\gallery\gallery_9_4.jpg","1820","1.78","2026-08-04 11:27:05","SOURCE"
"assets\img\gallery\gallery_9_5.jpg","1820","1.78","2026-08-04 11:27:05","SOURCE"
"assets\img\gallery\gallery_9_6.jpg","1820","1.78","2026-08-04 11:27:05","SOURCE"
"assets\img\hero\hero_10_1.jpg","13650","13.33","2026-08-04 11:27:07","SOURCE"
"assets\img\hero\hero_10_2.jpg","13650","13.33","2026-08-04 11:27:07","SOURCE"
"assets\img\hero\hero_10_3.jpg","13650","13.33","2026-08-04 11:27:07","SOURCE"
"assets\img\hero\hero_10_4.jpg","13650","13.33","2026-08-04 11:27:07","SOURCE"
"assets\img\hero\hero_5_1_1.jpg","2108","2.06","2026-08-04 11:27:07","SOURCE"
"assets\img\hero\hero_5_1_2.jpg","2108","2.06","2026-08-04 11:27:07","SOURCE"
"assets\img\hero\hero_5_1_3.jpg","2108","2.06","2026-08-04 11:27:07","SOURCE"
"assets\img\hero\hero_5_2_1.jpg","2357","2.3","2026-08-04 11:27:07","SOURCE"
"assets\img\hero\hero_5_2_2.jpg","2159","2.11","2026-08-04 11:27:07","SOURCE"
"assets\img\hero\hero_5_2_3.jpg","2159","2.11","2026-08-04 11:27:07","SOURCE"
"assets\img\hero\hero_6_1.jpg","13871","13.55","2026-08-04 11:27:07","SOURCE"
"assets\img\hero\hero_6_2.jpg","13871","13.55","2026-08-04 11:27:07","SOURCE"
"assets\img\hero\hero_6_3.jpg","13871","13.55","2026-08-04 11:27:07","SOURCE"
"assets\img\hero\hero_8_1.jpg","9364","9.14","2026-08-04 11:27:07","SOURCE"
"assets\img\hero\hero_8_2.jpg","9364","9.14","2026-08-04 11:27:07","SOURCE"
"assets\img\hero\hero_8_3.jpg","9364","9.14","2026-08-04 11:27:07","SOURCE"
"assets\img\hero\hero_9_1.jpg","12497","12.2","2026-08-04 11:27:07","SOURCE"
"assets\img\hero\hero_9_2.jpg","12497","12.2","2026-08-04 11:27:07","SOURCE"
"assets\img\hero\hero_9_3.jpg","12497","12.2","2026-08-04 11:27:07","SOURCE"
"assets\img\hero\hero_9_4.jpg","12497","12.2","2026-08-04 11:27:07","SOURCE"
"assets\img\hero\hero_9_5.jpg","12497","12.2","2026-08-04 11:27:07","SOURCE"
"assets\img\hero\hero_bg_1_1.jpg","13240","12.93","2026-08-04 11:27:07","SOURCE"
"assets\img\hero\hero_bg_1_2.jpg","13240","12.93","2026-08-04 11:27:07","SOURCE"
"assets\img\hero\hero_bg_1_3.jpg","13240","12.93","2026-08-04 11:27:07","SOURCE"
"assets\img\hero\hero_bg_2_1.jpg","11609","11.34","2026-08-04 11:27:07","SOURCE"
"assets\img\hero\hero_bg_2_2.jpg","7732","7.55","2026-08-04 11:27:07","SOURCE"
"assets\img\hero\hero_bg_2_3.jpg","11609","11.34","2026-08-04 11:27:07","SOURCE"
"assets\img\hero\hero_bg_3_1.jpg","15158","14.8","2026-08-04 11:27:07","SOURCE"
"assets\img\hero\hero_bg_3_2.jpg","15158","14.8","2026-08-04 11:27:07","SOURCE"
"assets\img\hero\hero_bg_3_3.jpg","15158","14.8","2026-08-04 11:27:07","SOURCE"
"assets\img\hero\hero_bg_3_4.jpg","15158","14.8","2026-08-04 11:27:07","SOURCE"
"assets\img\hero\hero_bg_3_5.jpg","12995","12.69","2026-08-04 11:27:07","SOURCE"
"assets\img\hero\hero-video.mp4","31611227","30870.34","2026-08-04 11:27:06","SOURCE"
"assets\img\hero\hero-video3.mp4","16168296","15789.35","2026-08-04 11:27:07","SOURCE"
"assets\img\hov logo (1).png","7446","7.27","2026-08-04 11:26:58","SOURCE"
"assets\img\hov white  logo.png","10150","9.91","2026-08-04 11:26:58","SOURCE"
"assets\img\HOV-WHITE-LOGO.png","8433","8.24","2026-08-04 11:26:58","SOURCE"
"assets\img\icon\01.svg","789","0.77","2026-08-04 11:27:07","SOURCE"
"assets\img\icon\about_1_1.svg","1142","1.12","2026-08-04 11:27:08","SOURCE"
"assets\img\icon\about_1_2.svg","899","0.88","2026-08-04 11:27:08","SOURCE"
"assets\img\icon\about_1_3.svg","1273","1.24","2026-08-04 11:27:08","SOURCE"
"assets\img\icon\arrow-left4.svg","685","0.67","2026-08-04 11:27:08","SOURCE"
"assets\img\icon\arrow-left5.svg","668","0.65","2026-08-04 11:27:08","SOURCE"
"assets\img\icon\arrow-right.svg","454","0.44","2026-08-04 11:27:08","SOURCE"
"assets\img\icon\arrow-right2.svg","447","0.44","2026-08-04 11:27:08","SOURCE"
"assets\img\icon\arrow-right3.svg","446","0.44","2026-08-04 11:27:08","SOURCE"
"assets\img\icon\arrow-right4.svg","646","0.63","2026-08-04 11:27:08","SOURCE"
"assets\img\icon\arrow-right5.svg","456","0.45","2026-08-04 11:27:08","SOURCE"
"assets\img\icon\call.svg","982","0.96","2026-08-04 11:27:08","SOURCE"
"assets\img\icon\chat.svg","1045","1.02","2026-08-04 11:27:08","SOURCE"
"assets\img\icon\choose_1_1.svg","4504","4.4","2026-08-04 11:27:08","SOURCE"
"assets\img\icon\choose_1_2.svg","6619","6.46","2026-08-04 11:27:08","SOURCE"
"assets\img\icon\choose_1_3.svg","3518","3.44","2026-08-04 11:27:08","SOURCE"
"assets\img\icon\choose_2_1.svg","3666","3.58","2026-08-04 11:27:08","SOURCE"
"assets\img\icon\choose_2_2.svg","2110","2.06","2026-08-04 11:27:08","SOURCE"
"assets\img\icon\choose_2_3.svg","2680","2.62","2026-08-04 11:27:08","SOURCE"
"assets\img\icon\dollar.svg","1076","1.05","2026-08-04 11:27:08","SOURCE"
"assets\img\icon\down-arrow.svg","471","0.46","2026-08-04 11:27:08","SOURCE"
"assets\img\icon\emoji.png","2320","2.27","2026-08-04 11:27:08","SOURCE"
"assets\img\icon\envelope.svg","944","0.92","2026-08-04 11:27:08","SOURCE"
"assets\img\icon\feature_1_1.svg","5321","5.2","2026-08-04 11:27:08","SOURCE"
"assets\img\icon\feature_1_2.svg","4711","4.6","2026-08-04 11:27:08","SOURCE"
"assets\img\icon\feature_1_3.svg","8532","8.33","2026-08-04 11:27:08","SOURCE"
"assets\img\icon\feature_1_4.svg","2294","2.24","2026-08-04 11:27:08","SOURCE"
"assets\img\icon\guide.svg","1238","1.21","2026-08-04 11:27:08","SOURCE"
"assets\img\icon\guide2.svg","1125","1.1","2026-08-04 11:27:08","SOURCE"
"assets\img\icon\hero-arrow-left.svg","475","0.46","2026-08-04 11:27:08","SOURCE"
"assets\img\icon\hero-arrow-right.svg","474","0.46","2026-08-04 11:27:08","SOURCE"
"assets\img\icon\left-arrow.svg","666","0.65","2026-08-04 11:27:08","SOURCE"
"assets\img\icon\left-arrow2.svg","456","0.45","2026-08-04 11:27:08","SOURCE"
"assets\img\icon\left-arrow3.svg","601","0.59","2026-08-04 11:27:08","SOURCE"
"assets\img\icon\left-arrow4.svg","476","0.46","2026-08-04 11:27:08","SOURCE"
"assets\img\icon\location-dot.svg","616","0.6","2026-08-04 11:27:08","SOURCE"
"assets\img\icon\location-dot2.svg","630","0.62","2026-08-04 11:27:08","SOURCE"
"assets\img\icon\location-dot3.svg","633","0.62","2026-08-04 11:27:08","SOURCE"
"assets\img\icon\location-dot4.svg","858","0.84","2026-08-04 11:27:08","SOURCE"
"assets\img\icon\mail.svg","941","0.92","2026-08-04 11:27:08","SOURCE"
"assets\img\icon\map.svg","1245","1.22","2026-08-04 11:27:08","SOURCE"
"assets\img\icon\map2.svg","928","0.91","2026-08-04 11:27:08","SOURCE"
"assets\img\icon\map3.svg","1147","1.12","2026-08-04 11:27:08","SOURCE"
"assets\img\icon\map-icon.svg","1080","1.05","2026-08-04 11:27:08","SOURCE"
"assets\img\icon\menu.svg","1543","1.51","2026-08-04 11:27:09","SOURCE"
"assets\img\icon\menu2.svg","1561","1.52","2026-08-04 11:27:09","SOURCE"
"assets\img\icon\phone.svg","1127","1.1","2026-08-04 11:27:09","SOURCE"
"assets\img\icon\plane.svg","525","0.51","2026-08-04 11:27:09","SOURCE"
"assets\img\icon\plane2.svg","525","0.51","2026-08-04 11:27:09","SOURCE"
"assets\img\icon\plane3.svg","515","0.5","2026-08-04 11:27:09","SOURCE"
"assets\img\icon\price_1_1.svg","1154","1.13","2026-08-04 11:27:09","SOURCE"
"assets\img\icon\price_1_2.svg","873","0.85","2026-08-04 11:27:09","SOURCE"
"assets\img\icon\price_1_3.svg","1664","1.62","2026-08-04 11:27:09","SOURCE"
"assets\img\icon\resort-icon1-1.svg","4290","4.19","2026-08-04 11:27:09","SOURCE"
"assets\img\icon\resort-icon1-10.svg","820","0.8","2026-08-04 11:27:09","SOURCE"
"assets\img\icon\resort-icon1-2.svg","8532","8.33","2026-08-04 11:27:09","SOURCE"
"assets\img\icon\resort-icon1-3.svg","3507","3.42","2026-08-04 11:27:09","SOURCE"
"assets\img\icon\resort-icon1-4.svg","3419","3.34","2026-08-04 11:27:09","SOURCE"
"assets\img\icon\resort-icon1-5.svg","3396","3.32","2026-08-04 11:27:09","SOURCE"
"assets\img\icon\resort-icon1-6.svg","4131","4.03","2026-08-04 11:27:09","SOURCE"
"assets\img\icon\resort-icon1-7.svg","5366","5.24","2026-08-04 11:27:09","SOURCE"
"assets\img\icon\resort-icon1-8.svg","6346","6.2","2026-08-04 11:27:09","SOURCE"
"assets\img\icon\resort-icon1-9.svg","4201","4.1","2026-08-04 11:27:09","SOURCE"
"assets\img\icon\right-arrow.svg","470","0.46","2026-08-04 11:27:09","SOURCE"
"assets\img\icon\right-arrow2.svg","455","0.44","2026-08-04 11:27:09","SOURCE"
"assets\img\icon\search.svg","646","0.63","2026-08-04 11:27:09","SOURCE"
"assets\img\icon\ship.svg","1596","1.56","2026-08-04 11:27:09","SOURCE"
"assets\img\icon\testi-quote.svg","1277","1.25","2026-08-04 11:27:09","SOURCE"
"assets\img\icon\testi-quote2.svg","1202","1.17","2026-08-04 11:27:09","SOURCE"
"assets\img\icon\tour_icon_1.svg","1086","1.06","2026-08-04 11:27:09","SOURCE"
"assets\img\icon\tour_icon_2.svg","1055","1.03","2026-08-04 11:27:09","SOURCE"
"assets\img\icon\tour_icon_3.svg","1597","1.56","2026-08-04 11:27:09","SOURCE"
"assets\img\icon\tour2.svg","989","0.97","2026-08-04 11:27:09","SOURCE"
"assets\img\icon\user.svg","623","0.61","2026-08-04 11:27:09","SOURCE"
"assets\img\image1.jpeg","1792810","1750.79","2026-08-04 11:26:59","SOURCE"
"assets\img\logo.svg","141582","138.26","2026-08-04 11:26:59","SOURCE"
"assets\img\logo_bg_mask.png","1207","1.18","2026-08-04 11:26:59","SOURCE"
"assets\img\logo2.svg","141208","137.9","2026-08-04 11:26:59","SOURCE"
"assets\img\logo3.svg","141470","138.15","2026-08-04 11:26:59","SOURCE"
"assets\img\logo4.svg","141499","138.18","2026-08-04 11:26:59","SOURCE"
"assets\img\logo5.svg","141380","138.07","2026-08-04 11:26:59","SOURCE"
"assets\img\Logo-HOV.png","11352","11.09","2026-08-04 11:26:59","SOURCE"
"assets\img\logo-white.svg","141212","137.9","2026-08-04 11:26:59","SOURCE"
"assets\img\logo-white2.svg","141188","137.88","2026-08-04 11:26:59","SOURCE"
"assets\img\Logo-white-HOV.png","9190","8.97","2026-08-04 11:26:59","SOURCE"
"assets\img\meeting1.png","89268","87.18","2026-08-04 11:26:59","SOURCE"
"assets\img\menu_bg_mask.png","1194","1.17","2026-08-04 11:26:59","SOURCE"
"assets\img\MICE map.webp","130038","126.99","2026-08-04 11:26:59","SOURCE"
"assets\img\normal\about_1_1.jpg","2503","2.44","2026-08-04 11:27:09","SOURCE"
"assets\img\normal\about_1_2.jpg","1868","1.82","2026-08-04 11:27:09","SOURCE"
"assets\img\normal\about_1_3.jpg","1868","1.82","2026-08-04 11:27:09","SOURCE"
"assets\img\normal\about_2_1.jpg","3263","3.19","2026-08-04 11:27:09","SOURCE"
"assets\img\normal\about_2_2.jpg","2091","2.04","2026-08-04 11:27:09","SOURCE"
"assets\img\normal\about_3_1.jpg","2652","2.59","2026-08-04 11:27:09","SOURCE"
"assets\img\normal\about_3_2.jpg","2652","2.59","2026-08-04 11:27:09","SOURCE"
"assets\img\normal\about_3_3.jpg","2163","2.11","2026-08-04 11:27:09","SOURCE"
"assets\img\normal\about_4.jpg","142452","139.11","2026-08-04 11:27:09","SOURCE"
"assets\img\normal\about_4_1.jpg","3956","3.86","2026-08-04 11:27:09","SOURCE"
"assets\img\normal\about_4_2.jpg","1902","1.86","2026-08-04 11:27:09","SOURCE"
"assets\img\normal\about_5_1.jpg","8482","8.28","2026-08-04 11:27:09","SOURCE"
"assets\img\normal\about_6_1.jpg","2276","2.22","2026-08-04 11:27:09","SOURCE"
"assets\img\normal\about_6_2.jpg","1890","1.85","2026-08-04 11:27:09","SOURCE"
"assets\img\normal\about_6_3.jpg","1890","1.85","2026-08-04 11:27:10","SOURCE"
"assets\img\normal\about_7_1.jpg","2095","2.05","2026-08-04 11:27:10","SOURCE"
"assets\img\normal\about_7_2.jpg","2095","2.05","2026-08-04 11:27:10","SOURCE"
"assets\img\normal\about_7_3.jpg","2784","2.72","2026-08-04 11:27:10","SOURCE"
"assets\img\normal\about_8_1.jpg","2307","2.25","2026-08-04 11:27:10","SOURCE"
"assets\img\normal\about_8_2.jpg","2347","2.29","2026-08-04 11:27:10","SOURCE"
"assets\img\normal\about_8_3.jpg","2362","2.31","2026-08-04 11:27:10","SOURCE"
"assets\img\normal\about_9_1.jpg","5130","5.01","2026-08-04 11:27:10","SOURCE"
"assets\img\normal\about-slide-img.png","3641","3.56","2026-08-04 11:27:09","SOURCE"
"assets\img\normal\about-slide-img2.png","3778","3.69","2026-08-04 11:27:09","SOURCE"
"assets\img\normal\about-slide-img3.png","4984","4.87","2026-08-04 11:27:09","SOURCE"
"assets\img\normal\app_mockup.png","3819","3.73","2026-08-04 11:27:10","SOURCE"
"assets\img\normal\choose_1.jpg","1881","1.84","2026-08-04 11:27:10","SOURCE"
"assets\img\normal\choose_2.jpg","1881","1.84","2026-08-04 11:27:10","SOURCE"
"assets\img\normal\choose_3.jpg","1881","1.84","2026-08-04 11:27:10","SOURCE"
"assets\img\normal\choose_4.jpg","1881","1.84","2026-08-04 11:27:10","SOURCE"
"assets\img\normal\choose_5.jpg","5129","5.01","2026-08-04 11:27:10","SOURCE"
"assets\img\normal\cta-img-6.jpg","6082","5.94","2026-08-04 11:27:10","SOURCE"
"assets\img\normal\newsletter-img.png","3903","3.81","2026-08-04 11:27:10","SOURCE"
"assets\img\normal\offer_img_1.jpg","2278","2.22","2026-08-04 11:27:10","SOURCE"
"assets\img\normal\offer_img_2.jpg","2278","2.22","2026-08-04 11:27:10","SOURCE"
"assets\img\normal\offer_img_3.jpg","2278","2.22","2026-08-04 11:27:10","SOURCE"
"assets\img\normal\offer_img_4.jpg","2278","2.22","2026-08-04 11:27:10","SOURCE"
"assets\img\normal\offer_img_5.jpg","2278","2.22","2026-08-04 11:27:10","SOURCE"
"assets\img\normal\offer_img_6.jpg","2278","2.22","2026-08-04 11:27:10","SOURCE"
"assets\img\normal\price-shape.png","3056","2.98","2026-08-04 11:27:10","SOURCE"
"assets\img\normal\price-shape2.png","1715","1.67","2026-08-04 11:27:10","SOURCE"
"assets\img\normal\resort_1_1.jpg","3305","3.23","2026-08-04 11:27:10","SOURCE"
"assets\img\normal\resort_1_2.jpg","3305","3.23","2026-08-04 11:27:10","SOURCE"
"assets\img\normal\resort_1_3.jpg","3305","3.23","2026-08-04 11:27:10","SOURCE"
"assets\img\normal\resort-details.jpg","6500","6.35","2026-08-04 11:27:10","SOURCE"
"assets\img\normal\shape.svg","5957","5.82","2026-08-04 11:27:10","SOURCE"
"assets\img\pages\home-agency.jpg","3210","3.13","2026-08-04 11:27:10","SOURCE"
"assets\img\pages\home-beach.jpg","3210","3.13","2026-08-04 11:27:10","SOURCE"
"assets\img\pages\home-countryside-hotel.jpg","3210","3.13","2026-08-04 11:27:10","SOURCE"
"assets\img\pages\home-forest.jpg","3210","3.13","2026-08-04 11:27:11","SOURCE"
"assets\img\pages\home-hiking.jpg","3210","3.13","2026-08-04 11:27:11","SOURCE"
"assets\img\pages\home-hiking-2.jpg","3210","3.13","2026-08-04 11:27:11","SOURCE"
"assets\img\pages\home-resort.jpg","3210","3.13","2026-08-04 11:27:11","SOURCE"
"assets\img\pages\home-tour.jpg","3210","3.13","2026-08-04 11:27:11","SOURCE"
"assets\img\pages\home-travel.jpg","3210","3.13","2026-08-04 11:27:11","SOURCE"
"assets\img\pages\home-yacht.jpg","3210","3.13","2026-08-04 11:27:11","SOURCE"
"assets\img\product\product_1_1.png","4164","4.07","2026-08-04 11:27:11","SOURCE"
"assets\img\product\product_1_2.png","4164","4.07","2026-08-04 11:27:11","SOURCE"
"assets\img\product\product_1_3.png","4164","4.07","2026-08-04 11:27:11","SOURCE"
"assets\img\product\product_1_4.png","4164","4.07","2026-08-04 11:27:11","SOURCE"
"assets\img\product\product_1_5.png","4164","4.07","2026-08-04 11:27:11","SOURCE"
"assets\img\product\product_1_6.png","4164","4.07","2026-08-04 11:27:11","SOURCE"
"assets\img\product\product_1_7.png","4164","4.07","2026-08-04 11:27:11","SOURCE"
"assets\img\product\product_1_8.png","4164","4.07","2026-08-04 11:27:11","SOURCE"
"assets\img\product\product_details_1_1.png","4164","4.07","2026-08-04 11:27:11","SOURCE"
"assets\img\shape\car_1.png","15928","15.55","2026-08-04 11:27:11","SOURCE"
"assets\img\shape\car_2.png","22789","22.25","2026-08-04 11:27:11","SOURCE"
"assets\img\shape\cards.png","3181","3.11","2026-08-04 11:27:11","SOURCE"
"assets\img\shape\client-img-1-1.png","6665","6.51","2026-08-04 11:27:11","SOURCE"
"assets\img\shape\client-img-1-2.png","7385","7.21","2026-08-04 11:27:11","SOURCE"
"assets\img\shape\client-img-1-3.png","7032","6.87","2026-08-04 11:27:11","SOURCE"
"assets\img\shape\client-img-2-1.png","6474","6.32","2026-08-04 11:27:11","SOURCE"
"assets\img\shape\client-img-2-2.png","6572","6.42","2026-08-04 11:27:11","SOURCE"
"assets\img\shape\client-img-2-3.png","5564","5.43","2026-08-04 11:27:11","SOURCE"
"assets\img\shape\client-img-2-4.png","6096","5.95","2026-08-04 11:27:11","SOURCE"
"assets\img\shape\degree.png","874","0.85","2026-08-04 11:27:11","SOURCE"
"assets\img\shape\elements_1_1.png","2034","1.99","2026-08-04 11:27:11","SOURCE"
"assets\img\shape\elements_1_1.svg","6980","6.82","2026-08-04 11:27:11","SOURCE"
"assets\img\shape\elements_1_10.svg","10027","9.79","2026-08-04 11:27:11","SOURCE"
"assets\img\shape\elements_1_11.svg","16980","16.58","2026-08-04 11:27:11","SOURCE"
"assets\img\shape\elements_1_12.svg","26534","25.91","2026-08-04 11:27:11","SOURCE"
"assets\img\shape\elements_1_13.svg","2805","2.74","2026-08-04 11:27:11","SOURCE"
"assets\img\shape\elements_1_14.svg","8202","8.01","2026-08-04 11:27:11","SOURCE"
"assets\img\shape\elements_1_15.svg","16696","16.3","2026-08-04 11:27:11","SOURCE"
"assets\img\shape\elements_1_16.svg","24975","24.39","2026-08-04 11:27:11","SOURCE"
"assets\img\shape\elements_1_17.svg","9290","9.07","2026-08-04 11:27:11","SOURCE"
"assets\img\shape\elements_1_18.svg","21275","20.78","2026-08-04 11:27:11","SOURCE"
"assets\img\shape\elements_1_19.svg","13476","13.16","2026-08-04 11:27:12","SOURCE"
"assets\img\shape\elements_1_2.svg","1334","1.3","2026-08-04 11:27:12","SOURCE"
"assets\img\shape\elements_1_3.svg","16330","15.95","2026-08-04 11:27:12","SOURCE"
"assets\img\shape\elements_1_4.svg","1948","1.9","2026-08-04 11:27:12","SOURCE"
"assets\img\shape\elements_1_5.svg","11147","10.89","2026-08-04 11:27:12","SOURCE"
"assets\img\shape\elements_1_6.svg","19145","18.7","2026-08-04 11:27:12","SOURCE"
"assets\img\shape\elements_1_7.svg","16350","15.97","2026-08-04 11:27:12","SOURCE"
"assets\img\shape\elements_1_8.svg","18624","18.19","2026-08-04 11:27:12","SOURCE"
"assets\img\shape\elements_1_9.svg","3878","3.79","2026-08-04 11:27:12","SOURCE"
"assets\img\shape\footer4-shape.png","7121","6.95","2026-08-04 11:27:12","SOURCE"
"assets\img\shape\footer4-shape2.png","7353","7.18","2026-08-04 11:27:12","SOURCE"
"assets\img\shape\line.png","27015","26.38","2026-08-04 11:27:12","SOURCE"
"assets\img\shape\line2.png","25847","25.24","2026-08-04 11:27:12","SOURCE"
"assets\img\shape\shape.svg","5957","5.82","2026-08-04 11:27:12","SOURCE"
"assets\img\shape\shape_1.png","688","0.67","2026-08-04 11:27:12","SOURCE"
"assets\img\shape\shape_10.png","2297","2.24","2026-08-04 11:27:12","SOURCE"
"assets\img\shape\shape_11.png","3772","3.68","2026-08-04 11:27:12","SOURCE"
"assets\img\shape\shape_12.png","2674","2.61","2026-08-04 11:27:12","SOURCE"
"assets\img\shape\shape_13.png","2113","2.06","2026-08-04 11:27:12","SOURCE"
"assets\img\shape\shape_14.png","1918","1.87","2026-08-04 11:27:12","SOURCE"
"assets\img\shape\shape_15.png","5528","5.4","2026-08-04 11:27:12","SOURCE"
"assets\img\shape\shape_16.png","12396","12.11","2026-08-04 11:27:12","SOURCE"
"assets\img\shape\shape_17.png","30351","29.64","2026-08-04 11:27:12","SOURCE"
"assets\img\shape\shape_18.png","20372","19.89","2026-08-04 11:27:12","SOURCE"
"assets\img\shape\shape_19.png","16764","16.37","2026-08-04 11:27:12","SOURCE"
"assets\img\shape\shape_2.png","2866","2.8","2026-08-04 11:27:12","SOURCE"
"assets\img\shape\shape_2_1.png","4250","4.15","2026-08-04 11:27:12","SOURCE"
"assets\img\shape\shape_2_10.png","4697","4.59","2026-08-04 11:27:12","SOURCE"
"assets\img\shape\shape_2_11.png","4817","4.7","2026-08-04 11:27:12","SOURCE"
"assets\img\shape\shape_2_2.png","1851","1.81","2026-08-04 11:27:12","SOURCE"
"assets\img\shape\shape_2_3.png","4109","4.01","2026-08-04 11:27:12","SOURCE"
"assets\img\shape\shape_2_4.png","5120","5","2026-08-04 11:27:12","SOURCE"
"assets\img\shape\shape_2_5.png","1427","1.39","2026-08-04 11:27:12","SOURCE"
"assets\img\shape\shape_2_6.png","4837","4.72","2026-08-04 11:27:12","SOURCE"
"assets\img\shape\shape_2_7.png","6941","6.78","2026-08-04 11:27:12","SOURCE"
"assets\img\shape\shape_2_8.png","2753","2.69","2026-08-04 11:27:12","SOURCE"
"assets\img\shape\shape_2_9.png","2206","2.15","2026-08-04 11:27:12","SOURCE"
"assets\img\shape\shape_20.png","28860","28.18","2026-08-04 11:27:12","SOURCE"
"assets\img\shape\shape_21.png","256177","250.17","2026-08-04 11:27:12","SOURCE"
"assets\img\shape\shape_3.png","1721","1.68","2026-08-04 11:27:12","SOURCE"
"assets\img\shape\shape_4.png","2692","2.63","2026-08-04 11:27:13","SOURCE"
"assets\img\shape\shape_5.png","2819","2.75","2026-08-04 11:27:13","SOURCE"
"assets\img\shape\shape_6.png","20213","19.74","2026-08-04 11:27:13","SOURCE"
"assets\img\shape\shape_7.png","2497","2.44","2026-08-04 11:27:13","SOURCE"
"assets\img\shape\shape_8.png","1403","1.37","2026-08-04 11:27:13","SOURCE"
"assets\img\shape\shape_9.png","2343","2.29","2026-08-04 11:27:13","SOURCE"
"assets\img\shape\shape1.png","3799","3.71","2026-08-04 11:27:12","SOURCE"
"assets\img\shape\shape2.png","2376","2.32","2026-08-04 11:27:12","SOURCE"
"assets\img\shape\shape3.png","993","0.97","2026-08-04 11:27:12","SOURCE"
"assets\img\shape\sun.png","817","0.8","2026-08-04 11:27:13","SOURCE"
"assets\img\shape\testi-shape.png","1397","1.36","2026-08-04 11:27:13","SOURCE"
"assets\img\shape\tree_1.png","10684","10.43","2026-08-04 11:27:13","SOURCE"
"assets\img\team\team_1_1.jpg","1797","1.75","2026-08-04 11:27:13","SOURCE"
"assets\img\team\team_1_2.jpg","1797","1.75","2026-08-04 11:27:13","SOURCE"
"assets\img\team\team_1_3.jpg","1797","1.75","2026-08-04 11:27:13","SOURCE"
"assets\img\team\team_1_4.jpg","1797","1.75","2026-08-04 11:27:13","SOURCE"
"assets\img\team\team_1_5.jpg","1797","1.75","2026-08-04 11:27:13","SOURCE"
"assets\img\team\team_1_6.jpg","1797","1.75","2026-08-04 11:27:13","SOURCE"
"assets\img\team\team_2_1.jpg","1797","1.75","2026-08-04 11:27:13","SOURCE"
"assets\img\team\team_2_2.jpg","1797","1.75","2026-08-04 11:27:13","SOURCE"
"assets\img\team\team_2_3.jpg","1797","1.75","2026-08-04 11:27:13","SOURCE"
"assets\img\team\team_3_1.jpg","2565","2.5","2026-08-04 11:27:13","SOURCE"
"assets\img\team\team_3_2.jpg","2565","2.5","2026-08-04 11:27:13","SOURCE"
"assets\img\team\team_3_3.jpg","2565","2.5","2026-08-04 11:27:13","SOURCE"
"assets\img\team\team_3_4.jpg","2565","2.5","2026-08-04 11:27:13","SOURCE"
"assets\img\team\team_3_5.jpg","2565","2.5","2026-08-04 11:27:13","SOURCE"
"assets\img\team\team_img_1.jpg","1675","1.64","2026-08-04 11:27:13","SOURCE"
"assets\img\team\team_img_1_1.jpg","2465","2.41","2026-08-04 11:27:13","SOURCE"
"assets\img\team\team_img_1_2.jpg","2264","2.21","2026-08-04 11:27:13","SOURCE"
"assets\img\team\team_img_1_3.jpg","2501","2.44","2026-08-04 11:27:13","SOURCE"
"assets\img\team\team_img_2.jpg","1675","1.64","2026-08-04 11:27:13","SOURCE"
"assets\img\team\team_img_3.jpg","1675","1.64","2026-08-04 11:27:13","SOURCE"
"assets\img\team\team_img_4.jpg","1675","1.64","2026-08-04 11:27:13","SOURCE"
"assets\img\team\team_img_5.jpg","1675","1.64","2026-08-04 11:27:13","SOURCE"
"assets\img\team\team_img_6.jpg","1675","1.64","2026-08-04 11:27:13","SOURCE"
"assets\img\testimonial\testi_1_1.jpg","807","0.79","2026-08-04 11:27:14","SOURCE"
"assets\img\testimonial\testi_1_2.jpg","807","0.79","2026-08-04 11:27:14","SOURCE"
"assets\img\testimonial\testi_2_1.png","915","0.89","2026-08-04 11:27:14","SOURCE"
"assets\img\testimonial\testi_2_2.png","918","0.9","2026-08-04 11:27:14","SOURCE"
"assets\img\testimonial\testi_2_3.png","918","0.9","2026-08-04 11:27:14","SOURCE"
"assets\img\testimonial\testi_2_4.png","918","0.9","2026-08-04 11:27:14","SOURCE"
"assets\img\testimonial\testi_2_5.png","918","0.9","2026-08-04 11:27:14","SOURCE"
"assets\img\testimonial\testi_3_1.png","1009","0.99","2026-08-04 11:27:14","SOURCE"
"assets\img\testimonial\testi_3_2.png","848","0.83","2026-08-04 11:27:14","SOURCE"
"assets\img\testimonial\testi_3_3.png","848","0.83","2026-08-04 11:27:14","SOURCE"
"assets\img\testimonial\testi_3_4.png","918","0.9","2026-08-04 11:27:14","SOURCE"
"assets\img\testimonial\testi_3_5.png","848","0.83","2026-08-04 11:27:14","SOURCE"
"assets\img\testimonial\testi_3_6.png","1009","0.99","2026-08-04 11:27:14","SOURCE"
"assets\img\testimonial\testi_4_1.png","1042","1.02","2026-08-04 11:27:14","SOURCE"
"assets\img\testimonial\testi_4_2.png","1042","1.02","2026-08-04 11:27:14","SOURCE"
"assets\img\testimonial\testi_4_3.png","1042","1.02","2026-08-04 11:27:14","SOURCE"
"assets\img\testimonial\testi_4_4.png","1042","1.02","2026-08-04 11:27:14","SOURCE"
"assets\img\testimonial\testi_5_1.png","1157","1.13","2026-08-04 11:27:14","SOURCE"
"assets\img\testimonial\testi_5_2.png","1310","1.28","2026-08-04 11:27:14","SOURCE"
"assets\img\testimonial\testi_5_3.png","1310","1.28","2026-08-04 11:27:14","SOURCE"
"assets\img\testimonial\testi_6_1.png","1438","1.4","2026-08-04 11:27:14","SOURCE"
"assets\img\testimonial\testi_6_2.png","1438","1.4","2026-08-04 11:27:14","SOURCE"
"assets\img\testimonial\testi_6_3.png","1441","1.41","2026-08-04 11:27:14","SOURCE"
"assets\img\testimonial\testi_bg_1.jpg","7990","7.8","2026-08-04 11:27:14","SOURCE"
"assets\img\testimonial\testi_bg_2.jpg","7990","7.8","2026-08-04 11:27:14","SOURCE"
"assets\img\testimonial\testi_bg_3.jpg","7990","7.8","2026-08-04 11:27:14","SOURCE"
"assets\img\testimonial\testi_shape_1.png","4005","3.91","2026-08-04 11:27:14","SOURCE"
"assets\img\testimonial\testi_shape_2.png","3284","3.21","2026-08-04 11:27:14","SOURCE"
"assets\img\testimonial\testi-img1.jpg","3959","3.87","2026-08-04 11:27:13","SOURCE"
"assets\img\testimonial\testi-img-1.jpg","2620","2.56","2026-08-04 11:27:13","SOURCE"
"assets\img\testimonial\testi-img2.jpg","1929","1.88","2026-08-04 11:27:13","SOURCE"
"assets\img\testimonial\testi-img-2.jpg","1991","1.94","2026-08-04 11:27:13","SOURCE"
"assets\img\testimonial\testi-img-2_1.jpg","2117","2.07","2026-08-04 11:27:13","SOURCE"
"assets\img\testimonial\testi-img-2_2.jpg","2117","2.07","2026-08-04 11:27:13","SOURCE"
"assets\img\testimonial\testi-img-2_3.jpg","2117","2.07","2026-08-04 11:27:13","SOURCE"
"assets\img\theme-img\error.svg","44745","43.7","2026-08-04 11:27:14","SOURCE"
"assets\img\theme-img\map.svg","1105","1.08","2026-08-04 11:27:14","SOURCE"
"assets\img\tour\tour_10_1.jpg","1819","1.78","2026-08-04 11:27:14","SOURCE"
"assets\img\tour\tour_10_2.jpg","1819","1.78","2026-08-04 11:27:14","SOURCE"
"assets\img\tour\tour_10_3.jpg","1819","1.78","2026-08-04 11:27:14","SOURCE"
"assets\img\tour\tour_10_4.jpg","1819","1.78","2026-08-04 11:27:14","SOURCE"
"assets\img\tour\tour_2_1.jpg","1641","1.6","2026-08-04 11:27:14","SOURCE"
"assets\img\tour\tour_2_2.jpg","2652","2.59","2026-08-04 11:27:14","SOURCE"
"assets\img\tour\tour_2_3.jpg","1641","1.6","2026-08-04 11:27:14","SOURCE"
"assets\img\tour\tour_2_4.jpg","2652","2.59","2026-08-04 11:27:14","SOURCE"
"assets\img\tour\tour_3_1.jpg","1819","1.78","2026-08-04 11:27:14","SOURCE"
"assets\img\tour\tour_3_2.jpg","1819","1.78","2026-08-04 11:27:14","SOURCE"
"assets\img\tour\tour_3_3.jpg","1819","1.78","2026-08-04 11:27:14","SOURCE"
"assets\img\tour\tour_3_4.jpg","1819","1.78","2026-08-04 11:27:14","SOURCE"
"assets\img\tour\tour_3_5.jpg","1819","1.78","2026-08-04 11:27:15","SOURCE"
"assets\img\tour\tour_3_6.jpg","1819","1.78","2026-08-04 11:27:15","SOURCE"
"assets\img\tour\tour_3_7.jpg","1819","1.78","2026-08-04 11:27:15","SOURCE"
"assets\img\tour\tour_3_8.jpg","1819","1.78","2026-08-04 11:27:15","SOURCE"
"assets\img\tour\tour_3_9.jpg","1819","1.78","2026-08-04 11:27:15","SOURCE"
"assets\img\tour\tour_4_1.jpg","2078","2.03","2026-08-04 11:27:15","SOURCE"
"assets\img\tour\tour_4_2.jpg","2078","2.03","2026-08-04 11:27:15","SOURCE"
"assets\img\tour\tour_4_3.jpg","2078","2.03","2026-08-04 11:27:15","SOURCE"
"assets\img\tour\tour_4_4.jpg","2078","2.03","2026-08-04 11:27:15","SOURCE"
"assets\img\tour\tour_4_5.jpg","2078","2.03","2026-08-04 11:27:15","SOURCE"
"assets\img\tour\tour_4_6.jpg","2078","2.03","2026-08-04 11:27:15","SOURCE"
"assets\img\tour\tour_4_7.jpg","2078","2.03","2026-08-04 11:27:15","SOURCE"
"assets\img\tour\tour_4_8.jpg","2078","2.03","2026-08-04 11:27:15","SOURCE"
"assets\img\tour\tour_5_1.jpg","2078","2.03","2026-08-04 11:27:15","SOURCE"
"assets\img\tour\tour_5_2.jpg","2078","2.03","2026-08-04 11:27:15","SOURCE"
"assets\img\tour\tour_5_3.jpg","2078","2.03","2026-08-04 11:27:15","SOURCE"
"assets\img\tour\tour_5_4.jpg","2078","2.03","2026-08-04 11:27:15","SOURCE"
"assets\img\tour\tour_5_5.jpg","2078","2.03","2026-08-04 11:27:15","SOURCE"
"assets\img\tour\tour_5_6.jpg","2078","2.03","2026-08-04 11:27:15","SOURCE"
"assets\img\tour\tour_5_7.jpg","2078","2.03","2026-08-04 11:27:15","SOURCE"
"assets\img\tour\tour_5_8.jpg","2078","2.03","2026-08-04 11:27:15","SOURCE"
"assets\img\tour\tour_6_1.jpg","1819","1.78","2026-08-04 11:27:15","SOURCE"
"assets\img\tour\tour_6_2.jpg","1819","1.78","2026-08-04 11:27:15","SOURCE"
"assets\img\tour\tour_6_3.jpg","1819","1.78","2026-08-04 11:27:15","SOURCE"
"assets\img\tour\tour_6_4.jpg","1819","1.78","2026-08-04 11:27:15","SOURCE"
"assets\img\tour\tour_7_1.jpg","1729","1.69","2026-08-04 11:27:15","SOURCE"
"assets\img\tour\tour_7_2.jpg","1729","1.69","2026-08-04 11:27:15","SOURCE"
"assets\img\tour\tour_7_3.jpg","1729","1.69","2026-08-04 11:27:15","SOURCE"
"assets\img\tour\tour_7_4.jpg","1729","1.69","2026-08-04 11:27:15","SOURCE"
"assets\img\tour\tour_8_1.jpg","1729","1.69","2026-08-04 11:27:15","SOURCE"
"assets\img\tour\tour_8_2.jpg","1729","1.69","2026-08-04 11:27:15","SOURCE"
"assets\img\tour\tour_8_3.jpg","1729","1.69","2026-08-04 11:27:15","SOURCE"
"assets\img\tour\tour_8_4.jpg","1729","1.69","2026-08-04 11:27:15","SOURCE"
"assets\img\tour\tour_9_1.jpg","1819","1.78","2026-08-04 11:27:15","SOURCE"
"assets\img\tour\tour_9_2.jpg","1819","1.78","2026-08-04 11:27:15","SOURCE"
"assets\img\tour\tour_9_3.jpg","1819","1.78","2026-08-04 11:27:15","SOURCE"
"assets\img\tour\tour_9_4.jpg","1819","1.78","2026-08-04 11:27:15","SOURCE"
"assets\img\tour\tour_box_1.jpg","1819","1.78","2026-08-04 11:27:15","SOURCE"
"assets\img\tour\tour_box_10.jpg","1819","1.78","2026-08-04 11:27:15","SOURCE"
"assets\img\tour\tour_box_11.jpg","1819","1.78","2026-08-04 11:27:15","SOURCE"
"assets\img\tour\tour_box_12.jpg","1819","1.78","2026-08-04 11:27:15","SOURCE"
"assets\img\tour\tour_box_13.jpg","1819","1.78","2026-08-04 11:27:15","SOURCE"
"assets\img\tour\tour_box_14.jpg","1819","1.78","2026-08-04 11:27:15","SOURCE"
"assets\img\tour\tour_box_15.jpg","1819","1.78","2026-08-04 11:27:15","SOURCE"
"assets\img\tour\tour_box_16.jpg","1819","1.78","2026-08-04 11:27:15","SOURCE"
"assets\img\tour\tour_box_17.jpg","1819","1.78","2026-08-04 11:27:15","SOURCE"
"assets\img\tour\tour_box_18.jpg","1819","1.78","2026-08-04 11:27:16","SOURCE"
"assets\img\tour\tour_box_19.jpg","1819","1.78","2026-08-04 11:27:16","SOURCE"
"assets\img\tour\tour_box_2.jpg","1819","1.78","2026-08-04 11:27:16","SOURCE"
"assets\img\tour\tour_box_20.jpg","1819","1.78","2026-08-04 11:27:16","SOURCE"
"assets\img\tour\tour_box_3.jpg","1819","1.78","2026-08-04 11:27:16","SOURCE"
"assets\img\tour\tour_box_4.jpg","1819","1.78","2026-08-04 11:27:16","SOURCE"
"assets\img\tour\tour_box_5.jpg","1819","1.78","2026-08-04 11:27:16","SOURCE"
"assets\img\tour\tour_box_6.jpg","1819","1.78","2026-08-04 11:27:16","SOURCE"
"assets\img\tour\tour_box_7.jpg","1819","1.78","2026-08-04 11:27:16","SOURCE"
"assets\img\tour\tour_box_8.jpg","1819","1.78","2026-08-04 11:27:16","SOURCE"
"assets\img\tour\tour_box_9.jpg","1819","1.78","2026-08-04 11:27:16","SOURCE"
"assets\img\tour\tour_inner_1.jpg","6500","6.35","2026-08-04 11:27:16","SOURCE"
"assets\img\tour\tour_inner_2.jpg","6500","6.35","2026-08-04 11:27:16","SOURCE"
"assets\img\tour\tour_inner_2_1.jpg","6500","6.35","2026-08-04 11:27:16","SOURCE"
"assets\img\tour\tour_inner_2_2.jpg","6500","6.35","2026-08-04 11:27:16","SOURCE"
"assets\img\tour\tour_inner_2_3.jpg","6500","6.35","2026-08-04 11:27:16","SOURCE"
"assets\img\tour\tour_inner_2_4.jpg","6500","6.35","2026-08-04 11:27:16","SOURCE"
"assets\img\tour\tour_inner_3.jpg","6500","6.35","2026-08-04 11:27:16","SOURCE"
"assets\img\tour\tour_inner_4.jpg","6500","6.35","2026-08-04 11:27:16","SOURCE"
"assets\img\tour\tour-1_1.jpg","2051","2","2026-08-04 11:27:14","SOURCE"
"assets\img\tour\tour-1_2.jpg","2051","2","2026-08-04 11:27:14","SOURCE"
"assets\img\tour\tour-1_3.jpg","2051","2","2026-08-04 11:27:14","SOURCE"
"assets\img\widget\gallery_1_1.jpg","756","0.74","2026-08-04 11:27:16","SOURCE"
"assets\img\widget\gallery_1_2.jpg","756","0.74","2026-08-04 11:27:16","SOURCE"
"assets\img\widget\gallery_1_3.jpg","756","0.74","2026-08-04 11:27:16","SOURCE"
"assets\img\widget\gallery_1_4.jpg","756","0.74","2026-08-04 11:27:16","SOURCE"
"assets\img\widget\gallery_1_5.jpg","756","0.74","2026-08-04 11:27:16","SOURCE"
"assets\img\widget\gallery_1_6.jpg","756","0.74","2026-08-04 11:27:16","SOURCE"
"assets\img\widget\gallery_2_1.jpg","756","0.74","2026-08-04 11:27:16","SOURCE"
"assets\img\widget\gallery_2_2.jpg","756","0.74","2026-08-04 11:27:16","SOURCE"
"assets\img\widget\gallery_2_3.jpg","756","0.74","2026-08-04 11:27:16","SOURCE"
"assets\img\widget\gallery_2_4.jpg","756","0.74","2026-08-04 11:27:16","SOURCE"
"assets\img\widget\gallery_2_5.jpg","756","0.74","2026-08-04 11:27:16","SOURCE"
"assets\img\widget\gallery_2_6.jpg","756","0.74","2026-08-04 11:27:16","SOURCE"
"assets\js\360.js","569953","556.59","2026-08-04 11:27:16","SOURCE"
"assets\js\app.min.js","479882","468.63","2026-08-04 11:27:16","SOURCE"
"assets\js\bootstrap.min.js","80678","78.79","2026-08-04 11:27:16","SOURCE"
"assets\js\circle-progress.js","4429","4.33","2026-08-04 11:27:16","SOURCE"
"assets\js\gsap.min.js","68804","67.19","2026-08-04 11:27:16","SOURCE"
"assets\js\imagesloaded.pkgd.min.js","5388","5.26","2026-08-04 11:27:16","SOURCE"
"assets\js\isotope.pkgd.min.js","34825","34.01","2026-08-04 11:27:16","SOURCE"
"assets\js\jquery.counterup.min.js","10544","10.3","2026-08-04 11:27:16","SOURCE"
"assets\js\jquery.magnific-popup.min.js","20214","19.74","2026-08-04 11:27:16","SOURCE"
"assets\js\jquery-ui.min.js","21889","21.38","2026-08-04 11:27:16","SOURCE"
"assets\js\main.js","61735","60.29","2026-08-04 11:27:16","SOURCE"
"assets\js\matter.min.js","85223","83.23","2026-08-04 11:27:16","SOURCE"
"assets\js\matterjs-custom.js","4122","4.03","2026-08-04 11:27:16","SOURCE"
"assets\js\nice-select.min.js","2838","2.77","2026-08-04 11:27:16","SOURCE"
"assets\js\panolens.min.js","111151","108.55","2026-08-04 11:27:16","SOURCE"
"assets\js\swiper-bundle.min.js","141783","138.46","2026-08-04 11:27:16","SOURCE"
"assets\js\vendor\jquery-3.6.0.min.js","89501","87.4","2026-08-04 11:27:17","SOURCE"
"assets\js\vendor\jquery-3.7.1.min.js","87532","85.48","2026-08-04 11:27:17","SOURCE"
"assets\sass\base\_extend.scss","0","0","2026-08-04 11:27:17","SOURCE"
"assets\sass\base\_function.scss","432","0.42","2026-08-04 11:27:17","SOURCE"
"assets\sass\base\_mixin.scss","2998","2.93","2026-08-04 11:27:17","SOURCE"
"assets\sass\base\_typography.scss","2931","2.86","2026-08-04 11:27:17","SOURCE"
"assets\sass\base\_variable.scss","3700","3.61","2026-08-04 11:27:17","SOURCE"
"assets\sass\base\_wpdefault.scss","10669","10.42","2026-08-04 11:27:17","SOURCE"
"assets\sass\reset\_container.scss","1256","1.23","2026-08-04 11:27:17","SOURCE"
"assets\sass\reset\_grid.scss","878","0.86","2026-08-04 11:27:17","SOURCE"
"assets\sass\reset\_input.scss","6685","6.53","2026-08-04 11:27:17","SOURCE"
"assets\sass\reset\_mobilemenu.scss","4432","4.33","2026-08-04 11:27:17","SOURCE"
"assets\sass\reset\_nice-select.scss","5842","5.71","2026-08-04 11:27:17","SOURCE"
"assets\sass\reset\_slider.scss","6738","6.58","2026-08-04 11:27:17","SOURCE"
"assets\sass\spacing\_margin.scss","1552","1.52","2026-08-04 11:27:17","SOURCE"
"assets\sass\spacing\_padding.scss","891","0.87","2026-08-04 11:27:17","SOURCE"
"assets\sass\spacing\_section-space.scss","953","0.93","2026-08-04 11:27:17","SOURCE"
"assets\sass\spacing\_spacing.scss","102","0.1","2026-08-04 11:27:17","SOURCE"
"assets\sass\style.scss","8091","7.9","2026-08-04 11:27:17","SOURCE"
"assets\sass\template\breadcumb\_breadcumb-v1.scss","2418","2.36","2026-08-04 11:27:17","SOURCE"
"assets\sass\template\footers\_footer.scss","7384","7.21","2026-08-04 11:27:17","SOURCE"
"assets\sass\template\headers\_header.scss","23690","23.13","2026-08-04 11:27:17","SOURCE"
"assets\sass\template\sections\_about.scss","18420","17.99","2026-08-04 11:27:17","SOURCE"
"assets\sass\template\sections\_blog.scss","19255","18.8","2026-08-04 11:27:17","SOURCE"
"assets\sass\template\sections\_blog-extra.scss","15694","15.33","2026-08-04 11:27:17","SOURCE"
"assets\sass\template\sections\_booking.scss","14034","13.71","2026-08-04 11:27:17","SOURCE"
"assets\sass\template\sections\_brand.scss","1748","1.71","2026-08-04 11:27:17","SOURCE"
"assets\sass\template\sections\_cart.scss","7073","6.91","2026-08-04 11:27:17","SOURCE"
"assets\sass\template\sections\_category.scss","7674","7.49","2026-08-04 11:27:17","SOURCE"
"assets\sass\template\sections\_checkout.scss","4192","4.09","2026-08-04 11:27:17","SOURCE"
"assets\sass\template\sections\_color-plate.scss","1344","1.31","2026-08-04 11:27:17","SOURCE"
"assets\sass\template\sections\_comments.scss","7732","7.55","2026-08-04 11:27:17","SOURCE"
"assets\sass\template\sections\_contact.scss","7643","7.46","2026-08-04 11:27:17","SOURCE"
"assets\sass\template\sections\_counter.scss","4676","4.57","2026-08-04 11:27:17","SOURCE"
"assets\sass\template\sections\_course.scss","0","0","2026-08-04 11:27:17","SOURCE"
"assets\sass\template\sections\_cta.scss","2711","2.65","2026-08-04 11:27:17","SOURCE"
"assets\sass\template\sections\_destination.scss","15666","15.3","2026-08-04 11:27:17","SOURCE"
"assets\sass\template\sections\_error.scss","760","0.74","2026-08-04 11:27:17","SOURCE"
"assets\sass\template\sections\_faq.scss","9507","9.28","2026-08-04 11:27:17","SOURCE"
"assets\sass\template\sections\_feature.scss","7095","6.93","2026-08-04 11:27:17","SOURCE"
"assets\sass\template\sections\_gallery.scss","6086","5.94","2026-08-04 11:27:17","SOURCE"
"assets\sass\template\sections\_hero.scss","46528","45.44","2026-08-04 11:27:17","SOURCE"
"assets\sass\template\sections\_marquee.scss","1447","1.41","2026-08-04 11:27:17","SOURCE"
"assets\sass\template\sections\_megamenu.scss","5858","5.72","2026-08-04 11:27:17","SOURCE"
"assets\sass\template\sections\_model.scss","1346","1.31","2026-08-04 11:27:17","SOURCE"
"assets\sass\template\sections\_pagination-v1.scss","2025","1.98","2026-08-04 11:27:17","SOURCE"
"assets\sass\template\sections\_popupsearch-v1.scss","2469","2.41","2026-08-04 11:27:17","SOURCE"
"assets\sass\template\sections\_pricing.scss","8829","8.62","2026-08-04 11:27:17","SOURCE"
"assets\sass\template\sections\_process.scss","0","0","2026-08-04 11:27:17","SOURCE"
"assets\sass\template\sections\_products.scss","28037","27.38","2026-08-04 11:27:17","SOURCE"
"assets\sass\template\sections\_project.scss","0","0","2026-08-04 11:27:17","SOURCE"
"assets\sass\template\sections\_service.scss","1370","1.34","2026-08-04 11:27:17","SOURCE"
"assets\sass\template\sections\_sidemenu-v1.scss","2444","2.39","2026-08-04 11:27:18","SOURCE"
"assets\sass\template\sections\_simple-sections.scss","9133","8.92","2026-08-04 11:27:18","SOURCE"
"assets\sass\template\sections\_tabmenu.scss","774","0.76","2026-08-04 11:27:18","SOURCE"
"assets\sass\template\sections\_team.scss","13341","13.03","2026-08-04 11:27:18","SOURCE"
"assets\sass\template\sections\_testimonial.scss","21290","20.79","2026-08-04 11:27:18","SOURCE"
"assets\sass\template\sections\_tour.scss","11919","11.64","2026-08-04 11:27:18","SOURCE"
"assets\sass\template\sections\_trip.scss","14772","14.43","2026-08-04 11:27:18","SOURCE"
"assets\sass\template\sections\_why.scss","21673","21.17","2026-08-04 11:27:18","SOURCE"
"assets\sass\template\sections\_wishlist.scss","5585","5.45","2026-08-04 11:27:18","SOURCE"
"assets\sass\template\sections\_woocommerce.scss","9392","9.17","2026-08-04 11:27:18","SOURCE"
"assets\sass\template\widgets\_widget-default-list.scss","2069","2.02","2026-08-04 11:27:18","SOURCE"
"assets\sass\template\widgets\_widget-footer.scss","5104","4.98","2026-08-04 11:27:18","SOURCE"
"assets\sass\template\widgets\_widget-sidebar.scss","27843","27.19","2026-08-04 11:27:18","SOURCE"
"assets\sass\utilities\_animation.scss","14017","13.69","2026-08-04 11:27:18","SOURCE"
"assets\sass\utilities\_background.scss","1798","1.76","2026-08-04 11:27:18","SOURCE"
"assets\sass\utilities\_btns.scss","10109","9.87","2026-08-04 11:27:18","SOURCE"
"assets\sass\utilities\_common.scss","5794","5.66","2026-08-04 11:27:18","SOURCE"
"assets\sass\utilities\_font.scss","457","0.45","2026-08-04 11:27:18","SOURCE"
"assets\sass\utilities\_overlay.scss","670","0.65","2026-08-04 11:27:18","SOURCE"
"assets\sass\utilities\_preloader.scss","2512","2.45","2026-08-04 11:27:18","SOURCE"
"assets\sass\utilities\_text-color.scss","272","0.27","2026-08-04 11:27:18","SOURCE"
"assets\sass\utilities\_titles.scss","4183","4.08","2026-08-04 11:27:18","SOURCE"
"blog.html","19068","18.62","2026-08-17 13:50:36","SOURCE"
"conferences-event.html","36567","35.71","2026-08-17 13:50:50","SOURCE"
"contact.html","37632","36.75","2026-08-17 13:50:01","SOURCE"
"CORPORATE TRAVEL BANNNER.png","1090814","1065.25","2026-08-04 11:26:56","SOURCE"
"corporate-celebration.html","35877","35.04","2026-08-17 13:51:08","SOURCE"
"corporate-travel.html","36371","35.52","2026-08-17 13:51:43","SOURCE"
"corporate-travel-consultancy.html","36153","35.31","2026-08-17 13:51:31","SOURCE"
"customized-group.html","36314","35.46","2026-08-17 13:51:56","SOURCE"
"destination-management.html","36047","35.2","2026-08-17 13:52:05","SOURCE"
"error.html","50518","49.33","2026-08-04 11:26:56","SOURCE"
"H\assets\css.zip","415531","405.79","2026-08-04 11:27:18","SOURCE"
"H\assets\css\app.min.css","221692","216.5","2026-08-04 11:27:18","SOURCE"
"H\assets\css\bootstrap.min.css","194246","189.69","2026-08-04 11:27:18","SOURCE"
"H\assets\css\fontawesome.min.css","454857","444.2","2026-08-04 11:27:18","SOURCE"
"H\assets\css\magnific-popup.min.css","5272","5.15","2026-08-04 11:27:18","SOURCE"
"H\assets\css\style.css","613121","598.75","2026-08-19 12:43:12","SOURCE"
"H\assets\css\style.css.map","275481","269.02","2026-08-04 11:27:18","SOURCE"
"H\assets\css\swiper-bundle.min.css","22140","21.62","2026-08-04 11:27:18","SOURCE"
"H\assets\fonts\fontawesome\brands.svg","475910","464.76","2026-08-04 11:27:18","SOURCE"
"H\assets\fonts\fontawesome\duotone.svg","2855020","2788.11","2026-08-04 11:27:18","SOURCE"
"H\assets\fonts\fontawesome\fa-brands-400.eot","133034","129.92","2026-08-04 11:27:18","SOURCE"
"H\assets\fonts\fontawesome\fa-brands-400.ttf","181500","177.25","2026-08-04 11:27:18","SOURCE"
"H\assets\fonts\fontawesome\fa-brands-400.woff","89824","87.72","2026-08-04 11:27:18","SOURCE"
"H\assets\fonts\fontawesome\fa-brands-400.woff2","105252","102.79","2026-08-04 11:27:18","SOURCE"
"H\assets\fonts\fontawesome\fa-duotone-900.eot","572078","558.67","2026-08-04 11:27:18","SOURCE"
"H\assets\fonts\fontawesome\fa-duotone-900.ttf","1119916","1093.67","2026-08-04 11:27:18","SOURCE"
"H\assets\fonts\fontawesome\fa-duotone-900.woff","268072","261.79","2026-08-04 11:27:18","SOURCE"
"H\assets\fonts\fontawesome\fa-duotone-900.woff2","399412","390.05","2026-08-04 11:27:18","SOURCE"
"H\assets\fonts\fontawesome\fa-light-300.eot","495342","483.73","2026-08-04 11:27:18","SOURCE"
"H\assets\fonts\fontawesome\fa-light-300.ttf","986976","963.84","2026-08-04 11:27:19","SOURCE"
"H\assets\fonts\fontawesome\fa-light-300.woff","252876","246.95","2026-08-04 11:27:19","SOURCE"
"H\assets\fonts\fontawesome\fa-light-300.woff2","388560","379.45","2026-08-04 11:27:19","SOURCE"
"H\assets\fonts\fontawesome\fa-regular-400.eot","455974","445.29","2026-08-04 11:27:19","SOURCE"
"H\assets\fonts\fontawesome\fa-regular-400.ttf","879176","858.57","2026-08-04 11:27:19","SOURCE"
"H\assets\fonts\fontawesome\fa-regular-400.woff","231248","225.83","2026-08-04 11:27:19","SOURCE"
"H\assets\fonts\fontawesome\fa-regular-400.woff2","354424","346.12","2026-08-04 11:27:19","SOURCE"
"H\assets\fonts\fontawesome\fa-solid-900.eot","388846","379.73","2026-08-04 11:27:19","SOURCE"
"H\assets\fonts\fontawesome\fa-solid-900.ttf","775600","757.42","2026-08-04 11:27:19","SOURCE"
"H\assets\fonts\fontawesome\fa-solid-900.woff","188716","184.29","2026-08-04 11:27:19","SOURCE"
"H\assets\fonts\fontawesome\fa-solid-900.woff2","301680","294.61","2026-08-04 11:27:19","SOURCE"
"H\assets\fonts\fontawesome\fa-thin-100.ttf","1086840","1061.37","2026-08-04 11:27:19","SOURCE"
"H\assets\fonts\fontawesome\fa-thin-100.woff2","425296","415.33","2026-08-04 11:27:19","SOURCE"
"H\assets\fonts\fontawesome\fa-v4compatibility.ttf","10552","10.3","2026-08-04 11:27:19","SOURCE"
"H\assets\fonts\fontawesome\fa-v4compatibility.woff2","5004","4.89","2026-08-04 11:27:19","SOURCE"
"H\assets\fonts\fontawesome\light.svg","3087021","3014.67","2026-08-04 11:27:19","SOURCE"
"H\assets\fonts\fontawesome\regular.svg","2706462","2643.03","2026-08-04 11:27:19","SOURCE"
"H\assets\fonts\fontawesome\solid.svg","2269925","2216.72","2026-08-04 11:27:19","SOURCE"
"H\assets\fonts\fontawesome\thin.svg","3452052","3371.14","2026-08-04 11:27:19","SOURCE"
"H\assets\img\01.png","2025","1.98","2026-08-04 11:27:19","SOURCE"
"H\assets\img\1.png","144387","141","2026-08-04 11:27:19","SOURCE"
"H\assets\img\2.png","140186","136.9","2026-08-04 11:27:19","SOURCE"
"H\assets\img\3.png","147822","144.36","2026-08-04 11:27:19","SOURCE"
"H\assets\img\4.png","108561","106.02","2026-08-04 11:27:19","SOURCE"
"H\assets\img\5.png","128240","125.23","2026-08-04 11:27:19","SOURCE"
"H\assets\img\6.png","166305","162.41","2026-08-04 11:27:19","SOURCE"
"H\assets\img\about banner.png","610785","596.47","2026-08-04 11:27:19","SOURCE"
"H\assets\img\about travel event.png","286814","280.09","2026-08-04 11:27:19","SOURCE"
"H\assets\img\about travel meeting.png","276432","269.95","2026-08-04 11:27:19","SOURCE"
"H\assets\img\about travel mice.png","325343","317.72","2026-08-04 11:27:19","SOURCE"
"H\assets\img\adventure travel.png","729913","712.81","2026-08-04 11:27:20","SOURCE"
"H\assets\img\Amit Tyagi.png","99952","97.61","2026-08-19 11:52:14","SOURCE"
"H\assets\img\bg\about_bg_1.jpg","14124","13.79","2026-08-04 11:27:22","SOURCE"
"H\assets\img\bg\about_bg_2.jpg","16256","15.88","2026-08-04 11:27:22","SOURCE"
"H\assets\img\bg\breadcumb-bg.jpg","8668","8.46","2026-08-04 11:27:22","SOURCE"
"H\assets\img\bg\category_bg_1.png","12637","12.34","2026-08-04 11:27:22","SOURCE"
"H\assets\img\bg\contact_bg_1.jpg","11415","11.15","2026-08-04 11:27:22","SOURCE"
"H\assets\img\bg\contact_bg_2.jpg","14214","13.88","2026-08-04 11:27:22","SOURCE"
"H\assets\img\bg\contact_bg_3.jpg","10849","10.59","2026-08-04 11:27:22","SOURCE"
"H\assets\img\bg\contact_bg_5.jpg","10948","10.69","2026-08-04 11:27:22","SOURCE"
"H\assets\img\bg\contact_bg_6.jpg","12084","11.8","2026-08-04 11:27:22","SOURCE"
"H\assets\img\bg\contact_bg_7.jpg","10948","10.69","2026-08-04 11:27:22","SOURCE"
"H\assets\img\bg\copyright_bg_1.jpg","4435","4.33","2026-08-04 11:27:22","SOURCE"
"H\assets\img\bg\cta_bg_1.png","11354","11.09","2026-08-04 11:27:22","SOURCE"
"H\assets\img\bg\cta_bg_2.jpg","10954","10.7","2026-08-04 11:27:22","SOURCE"
"H\assets\img\bg\destination_bg_1.png","10934","10.68","2026-08-04 11:27:22","SOURCE"
"H\assets\img\bg\footer_bg_1.jpg","10313","10.07","2026-08-04 11:27:22","SOURCE"
"H\assets\img\bg\footer_bg-2.png","15314","14.96","2026-08-04 11:27:22","SOURCE"
"H\assets\img\bg\gallery_bg_1.jpg","11267","11","2026-08-04 11:27:22","SOURCE"
"H\assets\img\bg\hero_bg_4_1.png","14802","14.46","2026-08-04 11:27:22","SOURCE"
"H\assets\img\bg\hero_bg_5_1.png","15158","14.8","2026-08-04 11:27:22","SOURCE"
"H\assets\img\bg\hero_bg_6_1.png","14719","14.37","2026-08-04 11:27:22","SOURCE"
"H\assets\img\bg\hero_bg_7_1.jpg","13814","13.49","2026-08-04 11:27:22","SOURCE"
"H\assets\img\bg\hero_bg_8_1.png","14735","14.39","2026-08-04 11:27:22","SOURCE"
"H\assets\img\bg\homepage baner.png","2135927","2085.87","2026-08-04 11:27:22","SOURCE"
"H\assets\img\bg\line-pattern.png","14677","14.33","2026-08-04 11:27:22","SOURCE"
"H\assets\img\bg\line-pattern2.png","13427","13.11","2026-08-04 11:27:22","SOURCE"
"H\assets\img\bg\line-pattern3.png","14227","13.89","2026-08-04 11:27:22","SOURCE"
"H\assets\img\bg\map.png","7712","7.53","2026-08-04 11:27:22","SOURCE"
"H\assets\img\bg\shape_bg_1.png","16814","16.42","2026-08-04 11:27:22","SOURCE"
"H\assets\img\bg\subscribe cta.png","95303","93.07","2026-08-04 11:27:22","SOURCE"
"H\assets\img\bg\subscribe_bg_1.png","10210","9.97","2026-08-04 11:27:23","SOURCE"
"H\assets\img\bg\subscribe-cta.png","10215","9.98","2026-08-04 11:27:22","SOURCE"
"H\assets\img\bg\team_bg_1.png","15626","15.26","2026-08-04 11:27:23","SOURCE"
"H\assets\img\bg\team_bg_2.jpg","9356","9.14","2026-08-04 11:27:23","SOURCE"
"H\assets\img\bg\testi_bg_1.jpg","12919","12.62","2026-08-04 11:27:23","SOURCE"
"H\assets\img\bg\tour_bg_1.jpg","11001","10.74","2026-08-04 11:27:23","SOURCE"
"H\assets\img\bg\tour_bg_2.jpg","11267","11","2026-08-04 11:27:23","SOURCE"
"H\assets\img\bg\tour_bg_3.jpg","9356","9.14","2026-08-04 11:27:23","SOURCE"
"H\assets\img\bg\video_bg_1.jpg","13525","13.21","2026-08-04 11:27:23","SOURCE"
"H\assets\img\bg\widget_bg_1.jpg","2610","2.55","2026-08-04 11:27:23","SOURCE"
"H\assets\img\bhavna.png","85485","83.48","2026-08-19 11:52:14","SOURCE"
"H\assets\img\BLOG BANNER.png","1198388","1170.3","2026-08-04 11:27:20","SOURCE"
"H\assets\img\blog\blog_1_1.jpg","1987","1.94","2026-08-04 11:27:23","SOURCE"
"H\assets\img\blog\blog_1_2.jpg","1987","1.94","2026-08-04 11:27:23","SOURCE"
"H\assets\img\blog\blog_1_3.jpg","1987","1.94","2026-08-04 11:27:23","SOURCE"
"H\assets\img\blog\blog_10_1.jpg","1987","1.94","2026-08-04 11:27:23","SOURCE"
"H\assets\img\blog\blog_10_2.jpg","1987","1.94","2026-08-04 11:27:23","SOURCE"
"H\assets\img\blog\blog_10_3.jpg","1987","1.94","2026-08-04 11:27:23","SOURCE"
"H\assets\img\blog\blog_2_1.jpg","1987","1.94","2026-08-04 11:27:23","SOURCE"
"H\assets\img\blog\blog_2_2.jpg","1987","1.94","2026-08-04 11:27:23","SOURCE"
"H\assets\img\blog\blog_2_3.jpg","1987","1.94","2026-08-04 11:27:23","SOURCE"
"H\assets\img\blog\blog_3_1.jpg","1789","1.75","2026-08-04 11:27:23","SOURCE"
"H\assets\img\blog\blog_3_2.jpg","1675","1.64","2026-08-04 11:27:23","SOURCE"
"H\assets\img\blog\blog_3_3.jpg","1675","1.64","2026-08-04 11:27:23","SOURCE"
"H\assets\img\blog\blog_4_1.jpg","1928","1.88","2026-08-04 11:27:23","SOURCE"
"H\assets\img\blog\blog_4_2.jpg","1989","1.94","2026-08-04 11:27:23","SOURCE"
"H\assets\img\blog\blog_4_3.jpg","1989","1.94","2026-08-04 11:27:23","SOURCE"
"H\assets\img\blog\blog_5_1.jpg","1692","1.65","2026-08-04 11:27:23","SOURCE"
"H\assets\img\blog\blog_5_2.jpg","1692","1.65","2026-08-04 11:27:23","SOURCE"
"H\assets\img\blog\blog_5_3.jpg","2174","2.12","2026-08-04 11:27:23","SOURCE"
"H\assets\img\blog\blog_6_1.jpg","1987","1.94","2026-08-04 11:27:23","SOURCE"
"H\assets\img\blog\blog_6_2.jpg","1987","1.94","2026-08-04 11:27:23","SOURCE"
"H\assets\img\blog\blog_6_3.jpg","1987","1.94","2026-08-04 11:27:23","SOURCE"
"H\assets\img\blog\blog_7_1.jpg","2150","2.1","2026-08-04 11:27:23","SOURCE"
"H\assets\img\blog\blog_7_2.jpg","1978","1.93","2026-08-04 11:27:23","SOURCE"
"H\assets\img\blog\blog_7_3.jpg","1978","1.93","2026-08-04 11:27:23","SOURCE"
"H\assets\img\blog\blog_8_1.jpg","2243","2.19","2026-08-04 11:27:23","SOURCE"
"H\assets\img\blog\blog_8_2.jpg","1656","1.62","2026-08-04 11:27:23","SOURCE"
"H\assets\img\blog\blog_8_3.jpg","1675","1.64","2026-08-04 11:27:23","SOURCE"
"H\assets\img\blog\blog_9_1.jpg","1404","1.37","2026-08-04 11:27:23","SOURCE"
"H\assets\img\blog\blog_9_2.jpg","1404","1.37","2026-08-04 11:27:23","SOURCE"
"H\assets\img\blog\blog_9_3.jpg","1404","1.37","2026-08-04 11:27:23","SOURCE"
"H\assets\img\blog\blog_inner_1.jpg","5977","5.84","2026-08-04 11:27:23","SOURCE"
"H\assets\img\blog\blog-s-1-1.jpg","6143","6","2026-08-04 11:27:23","SOURCE"
"H\assets\img\blog\blog-s-1-2.jpg","6143","6","2026-08-04 11:27:23","SOURCE"
"H\assets\img\blog\blog-s-1-3.jpg","6143","6","2026-08-04 11:27:23","SOURCE"
"H\assets\img\blog\blog-s-1-4.jpg","6143","6","2026-08-04 11:27:23","SOURCE"
"H\assets\img\blog\comment-author-1.jpg","726","0.71","2026-08-04 11:27:24","SOURCE"
"H\assets\img\blog\comment-author-2.jpg","726","0.71","2026-08-04 11:27:24","SOURCE"
"H\assets\img\blog\comment-author-3.jpg","726","0.71","2026-08-04 11:27:24","SOURCE"
"H\assets\img\blog\comment-author-4.jpg","737","0.72","2026-08-04 11:27:24","SOURCE"
"H\assets\img\blog\comment-author-5.jpg","737","0.72","2026-08-04 11:27:24","SOURCE"
"H\assets\img\blog\recent-post-1-1.jpg","726","0.71","2026-08-04 11:27:24","SOURCE"
"H\assets\img\blog\recent-post-1-2.jpg","726","0.71","2026-08-04 11:27:24","SOURCE"
"H\assets\img\blog\recent-post-1-3.jpg","726","0.71","2026-08-04 11:27:24","SOURCE"
"H\assets\img\brand\1.png","12858","12.56","2026-08-04 11:27:24","SOURCE"
"H\assets\img\brand\10.png","11596","11.32","2026-08-04 11:27:24","SOURCE"
"H\assets\img\brand\2.png","11622","11.35","2026-08-04 11:27:24","SOURCE"
"H\assets\img\brand\3.png","9257","9.04","2026-08-04 11:27:24","SOURCE"
"H\assets\img\brand\4.png","12586","12.29","2026-08-04 11:27:24","SOURCE"
"H\assets\img\brand\5.png","13619","13.3","2026-08-04 11:27:24","SOURCE"
"H\assets\img\brand\6.png","14462","14.12","2026-08-04 11:27:24","SOURCE"
"H\assets\img\brand\7.png","14522","14.18","2026-08-04 11:27:24","SOURCE"
"H\assets\img\brand\8.png","8071","7.88","2026-08-04 11:27:24","SOURCE"
"H\assets\img\brand\9.png","7991","7.8","2026-08-04 11:27:24","SOURCE"
"H\assets\img\brand\brand_1_1.svg","52130","50.91","2026-08-04 11:27:24","SOURCE"
"H\assets\img\brand\brand_1_2.svg","66202","64.65","2026-08-04 11:27:24","SOURCE"
"H\assets\img\brand\brand_1_3.svg","52130","50.91","2026-08-04 11:27:24","SOURCE"
"H\assets\img\brand\brand_1_4.svg","64610","63.1","2026-08-04 11:27:24","SOURCE"
"H\assets\img\brand\brand_1_5.svg","60030","58.62","2026-08-04 11:27:24","SOURCE"
"H\assets\img\brand\brand_1_6.svg","64610","63.1","2026-08-04 11:27:24","SOURCE"
"H\assets\img\brand\brand_1_7.svg","66202","64.65","2026-08-04 11:27:24","SOURCE"
"H\assets\img\brand\brand_1_8.svg","61026","59.6","2026-08-04 11:27:24","SOURCE"
"H\assets\img\category\category_1_1.jpg","1887","1.84","2026-08-04 11:27:24","SOURCE"
"H\assets\img\category\category_1_2.jpg","1866","1.82","2026-08-04 11:27:24","SOURCE"
"H\assets\img\category\category_1_3.jpg","1890","1.85","2026-08-04 11:27:24","SOURCE"
"H\assets\img\category\category_1_4.jpg","1874","1.83","2026-08-04 11:27:24","SOURCE"
"H\assets\img\category\category_1_5.jpg","1887","1.84","2026-08-04 11:27:24","SOURCE"
"H\assets\img\category\category_10_1.jpg","1435","1.4","2026-08-04 11:27:24","SOURCE"
"H\assets\img\category\category_2_1.jpg","1881","1.84","2026-08-04 11:27:24","SOURCE"
"H\assets\img\category\category_2_2.jpg","1881","1.84","2026-08-04 11:27:24","SOURCE"
"H\assets\img\category\category_2_3.jpg","1881","1.84","2026-08-04 11:27:24","SOURCE"
"H\assets\img\category\category_2_4.jpg","1881","1.84","2026-08-04 11:27:24","SOURCE"
"H\assets\img\category\category_2_5.jpg","1881","1.84","2026-08-04 11:27:24","SOURCE"
"H\assets\img\category\category_3_1.jpg","1881","1.84","2026-08-04 11:27:24","SOURCE"
"H\assets\img\category\category_3_2.jpg","1881","1.84","2026-08-04 11:27:24","SOURCE"
"H\assets\img\category\category_3_3.jpg","1881","1.84","2026-08-04 11:27:24","SOURCE"
"H\assets\img\category\category_3_4.jpg","1881","1.84","2026-08-04 11:27:24","SOURCE"
"H\assets\img\category\category_3_5.jpg","1881","1.84","2026-08-04 11:27:24","SOURCE"
"H\assets\img\category\category_6_1.jpg","2065","2.02","2026-08-04 11:27:24","SOURCE"
"H\assets\img\category\category_6_2.jpg","2065","2.02","2026-08-04 11:27:24","SOURCE"
"H\assets\img\category\category_6_3.jpg","2065","2.02","2026-08-04 11:27:25","SOURCE"
"H\assets\img\category\category_6_4.jpg","1881","1.84","2026-08-04 11:27:25","SOURCE"
"H\assets\img\category\category_6_5.jpg","2065","2.02","2026-08-04 11:27:25","SOURCE"
"H\assets\img\category\category_6_6.jpg","2065","2.02","2026-08-04 11:27:25","SOURCE"
"H\assets\img\category\category_7_1.jpg","2065","2.02","2026-08-04 11:27:25","SOURCE"
"H\assets\img\category\category_7_2.jpg","2065","2.02","2026-08-04 11:27:25","SOURCE"
"H\assets\img\category\category_7_3.jpg","1881","1.84","2026-08-04 11:27:25","SOURCE"
"H\assets\img\category\category_7_4.jpg","2065","2.02","2026-08-04 11:27:25","SOURCE"
"H\assets\img\category\category_7_5.jpg","2065","2.02","2026-08-04 11:27:25","SOURCE"
"H\assets\img\category\category_7_6.jpg","2065","2.02","2026-08-04 11:27:25","SOURCE"
"H\assets\img\category\category_8_1.jpg","2065","2.02","2026-08-04 11:27:25","SOURCE"
"H\assets\img\category\category_8_2.jpg","2065","2.02","2026-08-04 11:27:25","SOURCE"
"H\assets\img\category\category_8_3.jpg","2065","2.02","2026-08-04 11:27:25","SOURCE"
"H\assets\img\category\category_8_4.jpg","1881","1.84","2026-08-04 11:27:25","SOURCE"
"H\assets\img\category\category_8_5.jpg","2065","2.02","2026-08-04 11:27:25","SOURCE"
"H\assets\img\category\category_8_6.jpg","2065","2.02","2026-08-04 11:27:25","SOURCE"
"H\assets\img\category\category_9_1.jpg","2065","2.02","2026-08-04 11:27:25","SOURCE"
"H\assets\img\category\category_9_2.jpg","2065","2.02","2026-08-04 11:27:25","SOURCE"
"H\assets\img\category\category_9_3.jpg","2065","2.02","2026-08-04 11:27:25","SOURCE"
"H\assets\img\category\category_9_4.jpg","1881","1.84","2026-08-04 11:27:25","SOURCE"
"H\assets\img\category\category_9_5.jpg","2065","2.02","2026-08-04 11:27:25","SOURCE"
"H\assets\img\category\category_9_6.jpg","2065","2.02","2026-08-04 11:27:25","SOURCE"
"H\assets\img\client collage image.png","468311","457.33","2026-08-01 13:04:39","SOURCE"
"H\assets\img\Client Collage.png","4918846","4803.56","2026-08-01 13:00:40","SOURCE"
"H\assets\img\conceirge travel desk.png","91918","89.76","2026-08-04 11:27:20","SOURCE"
"H\assets\img\conference 1.png","205285","200.47","2026-08-04 11:27:20","SOURCE"
"H\assets\img\CONFERENCE TRAVEL BANNNER (1).png","1189866","1161.98","2026-08-04 11:27:20","SOURCE"
"H\assets\img\conference.png","135626","132.45","2026-08-04 11:27:20","SOURCE"
"H\assets\img\Conferences and Events.png","756361","738.63","2026-08-04 11:27:20","SOURCE"
"H\assets\img\CORPORATE CELEBRATION BANNNER.png","1291303","1261.04","2026-08-04 11:27:20","SOURCE"
"H\assets\img\corporate celebration.png","417821","408.03","2026-08-04 11:27:20","SOURCE"
"H\assets\img\corporate mice.png","121701","118.85","2026-08-04 11:27:20","SOURCE"
"H\assets\img\corporate travel 1 .png","548623","535.76","2026-08-04 11:27:20","SOURCE"
"H\assets\img\CORPORATE TRAVEL BANNNER.png","1082979","1057.6","2026-08-04 11:27:20","SOURCE"
"H\assets\img\dalmia logo.png","10997","10.74","2026-08-19 12:16:19","SOURCE"
"H\assets\img\DESTINATION TRAVEL BANNNER (1).png","1377137","1344.86","2026-08-04 11:27:20","SOURCE"
"H\assets\img\destination travel.png","644992","629.88","2026-08-04 11:27:20","SOURCE"
"H\assets\img\destination\destination_1_1.jpg","1929","1.88","2026-08-04 11:27:25","SOURCE"
"H\assets\img\destination\destination_1_2.jpg","2500","2.44","2026-08-04 11:27:25","SOURCE"
"H\assets\img\destination\destination_1_3.jpg","2750","2.69","2026-08-04 11:27:25","SOURCE"
"H\assets\img\destination\destination_1_4.jpg","2500","2.44","2026-08-04 11:27:25","SOURCE"
"H\assets\img\destination\destination_1_5.jpg","1929","1.88","2026-08-04 11:27:25","SOURCE"
"H\assets\img\destination\destination_2_1.jpg","3538","3.46","2026-08-04 11:27:25","SOURCE"
"H\assets\img\destination\destination_2_2.jpg","3538","3.46","2026-08-04 11:27:25","SOURCE"
"H\assets\img\destination\destination_2_3.jpg","3538","3.46","2026-08-04 11:27:25","SOURCE"
"H\assets\img\destination\destination_2_4.jpg","3538","3.46","2026-08-04 11:27:25","SOURCE"
"H\assets\img\destination\destination_3_1.jpg","1819","1.78","2026-08-04 11:27:25","SOURCE"
"H\assets\img\destination\destination_3_2.jpg","1819","1.78","2026-08-04 11:27:25","SOURCE"
"H\assets\img\destination\destination_3_3.jpg","1819","1.78","2026-08-04 11:27:25","SOURCE"
"H\assets\img\destination\destination_3_4.jpg","1819","1.78","2026-08-04 11:27:25","SOURCE"
"H\assets\img\destination\destination_4_1.jpg","1819","1.78","2026-08-04 11:27:25","SOURCE"
"H\assets\img\destination\destination_4_2.jpg","1819","1.78","2026-08-04 11:27:25","SOURCE"
"H\assets\img\destination\destination_4_3.jpg","1819","1.78","2026-08-04 11:27:25","SOURCE"
"H\assets\img\destination\destination_4_4.jpg","1819","1.78","2026-08-04 11:27:25","SOURCE"
"H\assets\img\destination\destination_4_5.jpg","1819","1.78","2026-08-04 11:27:25","SOURCE"
"H\assets\img\destination\destination_4_6.jpg","1819","1.78","2026-08-04 11:27:25","SOURCE"
"H\assets\img\destination\destination_4_7.jpg","1819","1.78","2026-08-04 11:27:25","SOURCE"
"H\assets\img\destination\destination_4_8.jpg","1819","1.78","2026-08-04 11:27:25","SOURCE"
"H\assets\img\destination\destination_5_1.jpg","3538","3.46","2026-08-04 11:27:25","SOURCE"
"H\assets\img\destination\destination_5_2.jpg","3538","3.46","2026-08-04 11:27:25","SOURCE"
"H\assets\img\destination\destination_5_3.jpg","3538","3.46","2026-08-04 11:27:26","SOURCE"
"H\assets\img\destination\destination_6_1.jpg","1688","1.65","2026-08-04 11:27:26","SOURCE"
"H\assets\img\destination\destination_6_2.jpg","2112","2.06","2026-08-04 11:27:26","SOURCE"
"H\assets\img\destination\destination_6_3.jpg","2593","2.53","2026-08-04 11:27:26","SOURCE"
"H\assets\img\destination\destination_6_4.jpg","1849","1.81","2026-08-04 11:27:26","SOURCE"
"H\assets\img\destination\destination_6_5.jpg","1688","1.65","2026-08-04 11:27:26","SOURCE"
"H\assets\img\destination\destination_7_1.jpg","2746","2.68","2026-08-04 11:27:26","SOURCE"
"H\assets\img\destination\destination_7_2.jpg","2746","2.68","2026-08-04 11:27:26","SOURCE"
"H\assets\img\destination\destination_7_3.jpg","2746","2.68","2026-08-04 11:27:26","SOURCE"
"H\assets\img\destination\destination_8_1.jpg","1974","1.93","2026-08-04 11:27:26","SOURCE"
"H\assets\img\destination\destination_8_2.jpg","6959","6.8","2026-08-04 11:27:26","SOURCE"
"H\assets\img\destination\destination_8_3.jpg","2388","2.33","2026-08-04 11:27:26","SOURCE"
"H\assets\img\destination\destination_9_1.jpg","2046","2","2026-08-04 11:27:26","SOURCE"
"H\assets\img\destination\destination_9_2.jpg","2046","2","2026-08-04 11:27:26","SOURCE"
"H\assets\img\destination\destination_9_3.jpg","2046","2","2026-08-04 11:27:26","SOURCE"
"H\assets\img\destination\destination_9_4.jpg","2046","2","2026-08-04 11:27:26","SOURCE"
"H\assets\img\destination\destination-details.jpg","6500","6.35","2026-08-04 11:27:25","SOURCE"
"H\assets\img\destination\destination-inner-1.jpg","5977","5.84","2026-08-04 11:27:25","SOURCE"
"H\assets\img\destination\shape.png","3212","3.14","2026-08-04 11:27:26","SOURCE"
"H\assets\img\event 1.png","223166","217.94","2026-08-04 11:27:20","SOURCE"
"H\assets\img\event.png","197340","192.71","2026-08-04 11:27:20","SOURCE"
"H\assets\img\executive retrets.png","136701","133.5","2026-08-04 11:27:20","SOURCE"
"H\assets\img\favicons\android-chrome-512x512.png","25417","24.82","2026-08-04 11:27:26","SOURCE"
"H\assets\img\favicons\android-icon-144x144.png","6705","6.55","2026-08-04 11:27:26","SOURCE"
"H\assets\img\favicons\android-icon-192x192.png","7843","7.66","2026-08-04 11:27:26","SOURCE"
"H\assets\img\favicons\android-icon-36x36.png","1754","1.71","2026-08-04 11:27:26","SOURCE"
"H\assets\img\favicons\android-icon-48x48.png","2205","2.15","2026-08-04 11:27:26","SOURCE"
"H\assets\img\favicons\android-icon-72x72.png","3333","3.25","2026-08-04 11:27:26","SOURCE"
"H\assets\img\favicons\android-icon-96x96.png","4406","4.3","2026-08-04 11:27:26","SOURCE"
"H\assets\img\favicons\apple-icon.png","8364","8.17","2026-08-04 11:27:26","SOURCE"
"H\assets\img\favicons\apple-icon-114x114.png","5250","5.13","2026-08-04 11:27:26","SOURCE"
"H\assets\img\favicons\apple-icon-120x120.png","5453","5.33","2026-08-04 11:27:26","SOURCE"
"H\assets\img\favicons\apple-icon-144x144.png","6705","6.55","2026-08-04 11:27:26","SOURCE"
"H\assets\img\favicons\apple-icon-152x152.png","7146","6.98","2026-08-04 11:27:26","SOURCE"
"H\assets\img\favicons\apple-icon-180x180.png","8699","8.5","2026-08-04 11:27:26","SOURCE"
"H\assets\img\favicons\apple-icon-57x57.png","2375","2.32","2026-08-04 11:27:26","SOURCE"
"H\assets\img\favicons\apple-icon-60x60.png","2440","2.38","2026-08-04 11:27:26","SOURCE"
"H\assets\img\favicons\apple-icon-72x72.png","3333","3.25","2026-08-04 11:27:26","SOURCE"
"H\assets\img\favicons\apple-icon-76x76.png","3489","3.41","2026-08-04 11:27:26","SOURCE"
"H\assets\img\favicons\apple-icon-precomposed.png","8364","8.17","2026-08-04 11:27:26","SOURCE"
"H\assets\img\favicons\browserconfig.xml","281","0.27","2026-08-04 11:27:26","SOURCE"
"H\assets\img\favicons\favicon.ico","1150","1.12","2026-08-04 11:27:26","SOURCE"
"H\assets\img\favicons\favicon.png","1100","1.07","2026-08-04 11:27:26","SOURCE"
"H\assets\img\favicons\favicon-16x16.png","1100","1.07","2026-08-04 11:27:26","SOURCE"
"H\assets\img\favicons\favicon-32x32.png","1635","1.6","2026-08-04 11:27:26","SOURCE"
"H\assets\img\favicons\favicon-96x96.png","4406","4.3","2026-08-04 11:27:26","SOURCE"
"H\assets\img\favicons\manifest.json","720","0.7","2026-08-04 11:27:26","SOURCE"
"H\assets\img\favicons\ms-icon-144x144.png","6705","6.55","2026-08-04 11:27:26","SOURCE"
"H\assets\img\favicons\ms-icon-150x150.png","6976","6.81","2026-08-04 11:27:26","SOURCE"
"H\assets\img\favicons\ms-icon-310x310.png","19038","18.59","2026-08-04 11:27:26","SOURCE"
"H\assets\img\favicons\ms-icon-70x70.png","3255","3.18","2026-08-04 11:27:26","SOURCE"
"H\assets\img\flight hotel.png","104121","101.68","2026-08-04 11:27:20","SOURCE"
"H\assets\img\gallery\gallery_0_1.jpg","1715","1.67","2026-08-04 11:27:27","SOURCE"
"H\assets\img\gallery\gallery_1_1.jpg","6747","6.59","2026-06-24 13:19:28","SOURCE"
"H\assets\img\gallery\gallery_1_2.jpg","6314","6.17","2026-06-24 13:19:28","SOURCE"
"H\assets\img\gallery\gallery_1_3.jpg","6314","6.17","2026-06-24 13:19:28","SOURCE"
"H\assets\img\gallery\gallery_1_4.jpg","9205","8.99","2026-06-24 13:19:28","SOURCE"
"H\assets\img\gallery\gallery_1_5.jpg","6445","6.29","2026-06-24 13:19:28","SOURCE"
"H\assets\img\gallery\gallery_1_6.jpg","6445","6.29","2026-06-24 13:19:28","SOURCE"
"H\assets\img\gallery\gallery_1_7.jpg","6747","6.59","2026-06-24 13:19:28","SOURCE"
"H\assets\img\gallery\gallery_10_1.jpg","1520","1.48","2026-08-04 11:27:27","SOURCE"
"H\assets\img\gallery\gallery_10_2.jpg","1520","1.48","2026-06-24 13:19:28","SOURCE"
"H\assets\img\gallery\gallery_10_3.jpg","1520","1.48","2026-06-24 13:19:28","SOURCE"
"H\assets\img\gallery\gallery_10_4.jpg","1520","1.48","2026-06-24 13:19:28","SOURCE"
"H\assets\img\gallery\gallery_10_5.jpg","1520","1.48","2026-06-24 13:19:28","SOURCE"
"H\assets\img\gallery\gallery_10_6.jpg","1520","1.48","2026-06-24 13:19:28","SOURCE"
"H\assets\img\gallery\gallery_11_1.jpg","1715","1.67","2026-06-24 13:19:28","SOURCE"
"H\assets\img\gallery\gallery_11_2.jpg","2011","1.96","2026-06-24 13:19:28","SOURCE"
"H\assets\img\gallery\gallery_11_3.jpg","2011","1.96","2026-06-24 13:19:28","SOURCE"
"H\assets\img\gallery\gallery_11_4.jpg","1715","1.67","2026-06-24 13:19:28","SOURCE"
"H\assets\img\gallery\gallery_12_1.jpg","1520","1.48","2026-06-24 13:19:28","SOURCE"
"H\assets\img\gallery\gallery_12_2.jpg","1520","1.48","2026-06-24 13:19:28","SOURCE"
"H\assets\img\gallery\gallery_12_3.jpg","1520","1.48","2026-06-24 13:19:28","SOURCE"
"H\assets\img\gallery\gallery_12_4.jpg","1520","1.48","2026-06-24 13:19:28","SOURCE"
"H\assets\img\gallery\gallery_12_5.jpg","1520","1.48","2026-06-24 13:19:28","SOURCE"
"H\assets\img\gallery\gallery_12_6.jpg","1520","1.48","2026-06-24 13:19:28","SOURCE"
"H\assets\img\gallery\gallery_2_1.jpg","8774","8.57","2026-06-24 13:19:28","SOURCE"
"H\assets\img\gallery\gallery_2_2.jpg","15368","15.01","2026-06-24 13:19:28","SOURCE"
"H\assets\img\gallery\gallery_2_3.jpg","8889","8.68","2026-06-24 13:19:28","SOURCE"
"H\assets\img\gallery\gallery_2_4.jpg","8889","8.68","2026-06-24 13:19:28","SOURCE"
"H\assets\img\gallery\gallery_2_5.jpg","15368","15.01","2026-06-24 13:19:28","SOURCE"
"H\assets\img\gallery\gallery_2_6.jpg","8774","8.57","2026-06-24 13:19:28","SOURCE"
"H\assets\img\gallery\gallery_3_1.jpg","14764","14.42","2026-06-24 13:19:28","SOURCE"
"H\assets\img\gallery\gallery_3_2.jpg","9133","8.92","2026-06-24 13:19:28","SOURCE"
"H\assets\img\gallery\gallery_3_3.jpg","14678","14.33","2026-06-24 13:19:28","SOURCE"
"H\assets\img\gallery\gallery_3_4.jpg","9133","8.92","2026-06-24 13:19:28","SOURCE"
"H\assets\img\gallery\gallery_3_5.jpg","9133","8.92","2026-06-24 13:19:28","SOURCE"
"H\assets\img\gallery\gallery_3_6.jpg","9133","8.92","2026-06-24 13:19:28","SOURCE"
"H\assets\img\gallery\gallery_4_1.jpg","2365","2.31","2026-06-24 13:19:28","SOURCE"
"H\assets\img\gallery\gallery_4_2.jpg","2365","2.31","2026-06-24 13:19:28","SOURCE"
"H\assets\img\gallery\gallery_4_3.jpg","2365","2.31","2026-06-24 13:19:28","SOURCE"
"H\assets\img\gallery\gallery_4_4.jpg","2365","2.31","2026-06-24 13:19:28","SOURCE"
"H\assets\img\gallery\gallery_4_5.jpg","2365","2.31","2026-06-24 13:19:28","SOURCE"
"H\assets\img\gallery\gallery_5_1.jpg","1715","1.67","2026-06-24 13:19:28","SOURCE"
"H\assets\img\gallery\gallery_5_2.jpg","2011","1.96","2026-06-24 13:19:28","SOURCE"
"H\assets\img\gallery\gallery_5_3.jpg","2665","2.6","2026-06-24 13:19:28","SOURCE"
"H\assets\img\gallery\gallery_5_4.jpg","2011","1.96","2026-06-24 13:19:28","SOURCE"
"H\assets\img\gallery\gallery_5_5.jpg","1715","1.67","2026-06-24 13:19:28","SOURCE"
"H\assets\img\gallery\gallery_6_1.jpg","1715","1.67","2026-06-24 13:19:28","SOURCE"
"H\assets\img\gallery\gallery_6_2.jpg","2011","1.96","2026-06-24 13:19:28","SOURCE"
"H\assets\img\gallery\gallery_6_3.jpg","2011","1.96","2026-06-24 13:19:28","SOURCE"
"H\assets\img\gallery\gallery_6_4.jpg","1715","1.67","2026-06-24 13:19:28","SOURCE"
"H\assets\img\gallery\gallery_7_1.jpg","1881","1.84","2026-06-24 13:19:30","SOURCE"
"H\assets\img\gallery\gallery_7_2.jpg","1881","1.84","2026-06-24 13:19:30","SOURCE"
"H\assets\img\gallery\gallery_7_3.jpg","2525","2.47","2026-06-24 13:19:30","SOURCE"
"H\assets\img\gallery\gallery_7_4.jpg","2525","2.47","2026-06-24 13:19:30","SOURCE"
"H\assets\img\gallery\gallery_7_5.jpg","1881","1.84","2026-06-24 13:19:30","SOURCE"
"H\assets\img\gallery\gallery_7_6.jpg","1881","1.84","2026-06-24 13:19:30","SOURCE"
"H\assets\img\gallery\gallery_7_7.jpg","1881","1.84","2026-06-24 13:19:30","SOURCE"
"H\assets\img\gallery\gallery_7_8.jpg","1881","1.84","2026-06-24 13:19:30","SOURCE"
"H\assets\img\gallery\gallery_7_9.jpg","2525","2.47","2026-06-24 13:19:30","SOURCE"
"H\assets\img\gallery\gallery_8_1.jpg","8394","8.2","2026-06-24 13:19:30","SOURCE"
"H\assets\img\gallery\gallery_8_2.jpg","4215","4.12","2026-06-24 13:19:30","SOURCE"
"H\assets\img\gallery\gallery_8_3.jpg","3626","3.54","2026-06-24 13:19:30","SOURCE"
"H\assets\img\gallery\gallery_8_4.jpg","9941","9.71","2026-06-24 13:19:30","SOURCE"
"H\assets\img\gallery\gallery_8_5.jpg","9941","9.71","2026-06-24 13:19:30","SOURCE"
"H\assets\img\gallery\gallery_8_6.jpg","3626","3.54","2026-06-24 13:19:30","SOURCE"
"H\assets\img\gallery\gallery_8_7.jpg","4215","4.12","2026-06-24 13:19:30","SOURCE"
"H\assets\img\gallery\gallery_8_8.jpg","8394","8.2","2026-06-24 13:19:30","SOURCE"
"H\assets\img\gallery\gallery_9_1.jpg","1820","1.78","2026-06-24 13:19:30","SOURCE"
"H\assets\img\gallery\gallery_9_2.jpg","1820","1.78","2026-06-24 13:19:30","SOURCE"
"H\assets\img\gallery\gallery_9_3.jpg","1820","1.78","2026-06-24 13:19:30","SOURCE"
"H\assets\img\gallery\gallery_9_4.jpg","1820","1.78","2026-06-24 13:19:30","SOURCE"
"H\assets\img\gallery\gallery_9_5.jpg","1820","1.78","2026-06-24 13:19:30","SOURCE"
"H\assets\img\gallery\gallery_9_6.jpg","1820","1.78","2026-06-24 13:19:30","SOURCE"
"H\assets\img\GROUP TRAVEL BANNNER (1).png","1129366","1102.9","2026-08-04 11:27:20","SOURCE"
"H\assets\img\group travel.png","571831","558.43","2026-08-04 11:27:20","SOURCE"
"H\assets\img\Guwahati 1.png","147011","143.57","2026-08-10 17:53:38","SOURCE"
"H\assets\img\Guwahati 10.png","132522","129.42","2026-08-11 11:31:14","SOURCE"
"H\assets\img\Guwahati 11.png","129629","126.59","2026-08-11 11:31:14","SOURCE"
"H\assets\img\Guwahati 12.png","105158","102.69","2026-08-11 11:31:14","SOURCE"
"H\assets\img\Guwahati 2.png","138731","135.48","2026-08-10 15:48:16","SOURCE"
"H\assets\img\Guwahati 3.png","117947","115.18","2026-08-10 15:48:16","SOURCE"
"H\assets\img\Guwahati 4.png","119744","116.94","2026-08-11 11:31:14","SOURCE"
"H\assets\img\Guwahati 5.png","119744","116.94","2026-08-11 11:31:14","SOURCE"
"H\assets\img\Guwahati 6.png","154810","151.18","2026-08-10 15:48:16","SOURCE"
"H\assets\img\Guwahati 7.png","134076","130.93","2026-08-11 11:40:25","SOURCE"
"H\assets\img\Guwahati 8.png","103972","101.54","2026-08-10 16:03:05","SOURCE"
"H\assets\img\Guwahati 9.png","120025","117.21","2026-08-11 11:31:14","SOURCE"
"H\assets\img\guwahati.png","457828","447.1","2026-08-10 15:43:01","SOURCE"
"H\assets\img\hero\hero-video.mp4","31611227","30870.34","2026-06-24 13:19:30","SOURCE"
"H\assets\img\hero\hero-video3.mp4","16168296","15789.35","2026-06-24 13:19:30","SOURCE"
"H\assets\img\homepage baner.png","2135927","2085.87","2026-08-04 11:27:20","SOURCE"
"H\assets\img\HOV ABOUT BANNER.png","1840834","1797.69","2026-08-04 11:27:21","SOURCE"
"H\assets\img\HOV BANNER.png","1831120","1788.2","2026-08-04 11:27:21","SOURCE"
"H\assets\img\HOV CONTACT BANNER.png","1123731","1097.39","2026-08-04 11:27:21","SOURCE"
"H\assets\img\HOV Video.mp4","1219141","1190.57","2026-08-04 11:27:21","SOURCE"
"H\assets\img\hov white  logo.png","10150","9.91","2026-08-04 11:27:21","SOURCE"
"H\assets\img\HOV.png","483593","472.26","2026-08-04 11:27:21","SOURCE"
"H\assets\img\HOV-WHITE-LOGO.png","8433","8.24","2026-08-04 11:27:21","SOURCE"
"H\assets\img\IATA.png","7367","7.19","2026-08-04 11:27:21","SOURCE"
"H\assets\img\icon\01.svg","789","0.77","2026-06-24 13:19:32","SOURCE"
"H\assets\img\icon\about_1_1.svg","1142","1.12","2026-06-24 13:19:32","SOURCE"
"H\assets\img\icon\about_1_2.svg","899","0.88","2026-06-24 13:19:32","SOURCE"
"H\assets\img\icon\about_1_3.svg","1273","1.24","2026-06-24 13:19:32","SOURCE"
"H\assets\img\icon\arrow-left4.svg","685","0.67","2026-06-24 13:19:32","SOURCE"
"H\assets\img\icon\arrow-left5.svg","668","0.65","2026-06-24 13:19:32","SOURCE"
"H\assets\img\icon\arrow-right.svg","454","0.44","2026-06-24 13:19:32","SOURCE"
"H\assets\img\icon\arrow-right2.svg","447","0.44","2026-06-24 13:19:32","SOURCE"
"H\assets\img\icon\arrow-right3.svg","446","0.44","2026-06-24 13:19:32","SOURCE"
"H\assets\img\icon\arrow-right4.svg","646","0.63","2026-06-24 13:19:32","SOURCE"
"H\assets\img\icon\arrow-right5.svg","456","0.45","2026-06-24 13:19:32","SOURCE"
"H\assets\img\icon\call.svg","982","0.96","2026-06-24 13:19:32","SOURCE"
"H\assets\img\icon\chat.svg","1045","1.02","2026-06-24 13:19:32","SOURCE"
"H\assets\img\icon\choose_1_1.svg","4504","4.4","2026-06-24 13:19:32","SOURCE"
"H\assets\img\icon\choose_1_2.svg","6619","6.46","2026-06-24 13:19:32","SOURCE"
"H\assets\img\icon\choose_1_3.svg","3518","3.44","2026-06-24 13:19:32","SOURCE"
"H\assets\img\icon\choose_2_1.svg","3666","3.58","2026-06-24 13:19:32","SOURCE"
"H\assets\img\icon\choose_2_2.svg","2110","2.06","2026-06-24 13:19:32","SOURCE"
"H\assets\img\icon\choose_2_3.svg","2680","2.62","2026-06-24 13:19:32","SOURCE"
"H\assets\img\icon\dollar.svg","1076","1.05","2026-06-24 13:19:32","SOURCE"
"H\assets\img\icon\down-arrow.svg","471","0.46","2026-06-24 13:19:32","SOURCE"
"H\assets\img\icon\emoji.png","2320","2.27","2026-06-24 13:19:32","SOURCE"
"H\assets\img\icon\envelope.svg","944","0.92","2026-06-24 13:19:32","SOURCE"
"H\assets\img\icon\feature_1_1.svg","5321","5.2","2026-06-24 13:19:32","SOURCE"
"H\assets\img\icon\feature_1_2.svg","4711","4.6","2026-06-24 13:19:32","SOURCE"
"H\assets\img\icon\feature_1_3.svg","8532","8.33","2026-06-24 13:19:32","SOURCE"
"H\assets\img\icon\feature_1_4.svg","2294","2.24","2026-06-24 13:19:32","SOURCE"
"H\assets\img\icon\guide.svg","1238","1.21","2026-06-24 13:19:32","SOURCE"
"H\assets\img\icon\guide2.svg","1125","1.1","2026-06-24 13:19:32","SOURCE"
"H\assets\img\icon\hero-arrow-left.svg","475","0.46","2026-06-24 13:19:32","SOURCE"
"H\assets\img\icon\hero-arrow-right.svg","474","0.46","2026-06-24 13:19:32","SOURCE"
"H\assets\img\icon\left-arrow.svg","666","0.65","2026-06-24 13:19:32","SOURCE"
"H\assets\img\icon\left-arrow2.svg","456","0.45","2026-06-24 13:19:32","SOURCE"
"H\assets\img\icon\left-arrow3.svg","601","0.59","2026-06-24 13:19:32","SOURCE"
"H\assets\img\icon\left-arrow4.svg","476","0.46","2026-06-24 13:19:32","SOURCE"
"H\assets\img\icon\location-dot.svg","616","0.6","2026-06-24 13:19:32","SOURCE"
"H\assets\img\icon\location-dot2.svg","630","0.62","2026-06-24 13:19:32","SOURCE"
"H\assets\img\icon\location-dot3.svg","633","0.62","2026-06-24 13:19:32","SOURCE"
"H\assets\img\icon\location-dot4.svg","858","0.84","2026-06-24 13:19:32","SOURCE"
"H\assets\img\icon\mail.svg","941","0.92","2026-06-24 13:19:32","SOURCE"
"H\assets\img\icon\map.svg","1245","1.22","2026-06-24 13:19:32","SOURCE"
"H\assets\img\icon\map2.svg","928","0.91","2026-06-24 13:19:32","SOURCE"
"H\assets\img\icon\map3.svg","1147","1.12","2026-06-24 13:19:32","SOURCE"
"H\assets\img\icon\map-icon.svg","1080","1.05","2026-06-24 13:19:32","SOURCE"
"H\assets\img\icon\menu.svg","1543","1.51","2026-06-24 13:19:32","SOURCE"
"H\assets\img\icon\menu2.svg","1561","1.52","2026-06-24 13:19:32","SOURCE"
"H\assets\img\icon\phone.svg","1127","1.1","2026-06-24 13:19:32","SOURCE"
"H\assets\img\icon\plane.svg","525","0.51","2026-06-24 13:19:32","SOURCE"
"H\assets\img\icon\plane2.svg","525","0.51","2026-06-24 13:19:32","SOURCE"
"H\assets\img\icon\plane3.svg","515","0.5","2026-06-24 13:19:32","SOURCE"
"H\assets\img\icon\price_1_1.svg","1154","1.13","2026-06-24 13:19:32","SOURCE"
"H\assets\img\icon\price_1_2.svg","873","0.85","2026-06-24 13:19:32","SOURCE"
"H\assets\img\icon\price_1_3.svg","1664","1.62","2026-06-24 13:19:32","SOURCE"
"H\assets\img\icon\resort-icon1-1.svg","4290","4.19","2026-06-24 13:19:32","SOURCE"
"H\assets\img\icon\resort-icon1-10.svg","820","0.8","2026-06-24 13:19:32","SOURCE"
"H\assets\img\icon\resort-icon1-2.svg","8532","8.33","2026-06-24 13:19:32","SOURCE"
"H\assets\img\icon\resort-icon1-3.svg","3507","3.42","2026-06-24 13:19:32","SOURCE"
"H\assets\img\icon\resort-icon1-4.svg","3419","3.34","2026-06-24 13:19:32","SOURCE"
"H\assets\img\icon\resort-icon1-5.svg","3396","3.32","2026-06-24 13:19:32","SOURCE"
"H\assets\img\icon\resort-icon1-6.svg","4131","4.03","2026-06-24 13:19:32","SOURCE"
"H\assets\img\icon\resort-icon1-7.svg","5366","5.24","2026-06-24 13:19:32","SOURCE"
"H\assets\img\icon\resort-icon1-8.svg","6346","6.2","2026-06-24 13:19:32","SOURCE"
"H\assets\img\icon\resort-icon1-9.svg","4201","4.1","2026-06-24 13:19:32","SOURCE"
"H\assets\img\icon\right-arrow.svg","470","0.46","2026-06-24 13:19:32","SOURCE"
"H\assets\img\icon\right-arrow2.svg","455","0.44","2026-06-24 13:19:32","SOURCE"
"H\assets\img\icon\search.svg","646","0.63","2026-06-24 13:19:32","SOURCE"
"H\assets\img\icon\ship.svg","1596","1.56","2026-06-24 13:19:32","SOURCE"
"H\assets\img\icon\testi-quote.svg","1277","1.25","2026-06-24 13:19:32","SOURCE"
"H\assets\img\icon\testi-quote2.svg","1202","1.17","2026-06-24 13:19:32","SOURCE"
"H\assets\img\icon\tour_icon_1.svg","1086","1.06","2026-06-24 13:19:32","SOURCE"
"H\assets\img\icon\tour_icon_2.svg","1055","1.03","2026-06-24 13:19:32","SOURCE"
"H\assets\img\icon\tour_icon_3.svg","1597","1.56","2026-06-24 13:19:32","SOURCE"
"H\assets\img\icon\tour2.svg","989","0.97","2026-06-24 13:19:32","SOURCE"
"H\assets\img\icon\user.svg","623","0.61","2026-06-24 13:19:32","SOURCE"
"H\assets\img\image.png","191702","187.21","2026-08-04 11:27:21","SOURCE"
"H\assets\img\image1.jpeg","1792810","1750.79","2026-08-04 11:27:21","SOURCE"
"H\assets\img\incentive  (1).png","195108","190.54","2026-08-04 11:27:21","SOURCE"
"H\assets\img\incentive 1.png","288711","281.94","2026-08-04 11:27:21","SOURCE"
"H\assets\img\INCENTIVE TRAVEL BANNNER (1).png","1136236","1109.61","2026-08-04 11:27:21","SOURCE"
"H\assets\img\INCENTIVE TRAVEL BANNNER.png","1278418","1248.46","2026-08-04 11:27:21","SOURCE"
"H\assets\img\incentive travel1.png","448361","437.85","2026-08-04 11:27:21","SOURCE"
"H\assets\img\lava logo.png","5247","5.12","2026-08-19 12:24:26","SOURCE"
"H\assets\img\logo_bg_mask.png","1207","1.18","2026-08-04 11:27:21","SOURCE"
"H\assets\img\Logo-HOV.png","11352","11.09","2026-08-04 11:27:21","SOURCE"
"H\assets\img\Logo-white-HOV.png","9190","8.97","2026-08-04 11:27:21","SOURCE"
"H\assets\img\meeting 1.png","174726","170.63","2026-08-04 11:27:21","SOURCE"
"H\assets\img\meeting 2.png","158085","154.38","2026-08-04 11:27:21","SOURCE"
"H\assets\img\meeting conference.png","13297","12.99","2026-08-04 11:27:21","SOURCE"
"H\assets\img\meeting icon1.png","13213","12.9","2026-08-04 11:27:21","SOURCE"
"H\assets\img\menu_bg_mask.png","1194","1.17","2026-08-04 11:27:21","SOURCE"
"H\assets\img\MICE banner.png","1903423","1858.81","2026-08-04 11:27:21","SOURCE"
"H\assets\img\mice event.png","15498","15.13","2026-08-04 11:27:21","SOURCE"
"H\assets\img\MICE map.webp","130038","126.99","2026-08-04 11:27:21","SOURCE"
"H\assets\img\mukul.png","73080","71.37","2026-08-19 11:55:45","SOURCE"
"H\assets\img\normal\shape.svg","5957","5.82","2026-06-24 13:19:34","SOURCE"
"H\assets\img\offsite travel.png","532461","519.98","2026-08-04 11:27:21","SOURCE"
"H\assets\img\OTOAI.png","5621","5.49","2026-08-04 11:27:21","SOURCE"
"H\assets\img\OUR SERVICES BANNER.png","1335452","1304.15","2026-08-04 11:27:21","SOURCE"
"H\assets\img\pages\home-agency.jpg","3210","3.13","2026-06-24 13:19:34","SOURCE"
"H\assets\img\pages\home-beach.jpg","3210","3.13","2026-06-24 13:19:34","SOURCE"
"H\assets\img\pages\home-countryside-hotel.jpg","3210","3.13","2026-06-24 13:19:34","SOURCE"
"H\assets\img\pages\home-forest.jpg","3210","3.13","2026-06-24 13:19:34","SOURCE"
"H\assets\img\pages\home-hiking.jpg","3210","3.13","2026-06-24 13:19:34","SOURCE"
"H\assets\img\pages\home-hiking-2.jpg","3210","3.13","2026-06-24 13:19:34","SOURCE"
"H\assets\img\pages\home-resort.jpg","3210","3.13","2026-06-24 13:19:34","SOURCE"
"H\assets\img\pages\home-tour.jpg","3210","3.13","2026-06-24 13:19:34","SOURCE"
"H\assets\img\pages\home-travel.jpg","3210","3.13","2026-06-24 13:19:34","SOURCE"
"H\assets\img\pages\home-yacht.jpg","3210","3.13","2026-06-24 13:19:34","SOURCE"
"H\assets\img\pan india.webp","119564","116.76","2026-08-04 11:27:21","SOURCE"
"H\assets\img\product\product_1_1.png","4164","4.07","2026-06-24 13:19:34","SOURCE"
"H\assets\img\product\product_1_2.png","4164","4.07","2026-06-24 13:19:34","SOURCE"
"H\assets\img\product\product_1_3.png","4164","4.07","2026-06-24 13:19:34","SOURCE"
"H\assets\img\product\product_1_4.png","4164","4.07","2026-06-24 13:19:34","SOURCE"
"H\assets\img\product\product_1_5.png","4164","4.07","2026-06-24 13:19:34","SOURCE"
"H\assets\img\product\product_1_6.png","4164","4.07","2026-06-24 13:19:34","SOURCE"
"H\assets\img\product\product_1_7.png","4164","4.07","2026-06-24 13:19:34","SOURCE"
"H\assets\img\product\product_1_8.png","4164","4.07","2026-06-24 13:19:34","SOURCE"
"H\assets\img\product\product_details_1_1.png","4164","4.07","2026-06-24 13:19:34","SOURCE"
"H\assets\img\services 1.png","165060","161.19","2026-08-04 11:27:21","SOURCE"
"H\assets\img\services 10.png","169022","165.06","2026-08-04 11:27:21","SOURCE"
"H\assets\img\services 2.png","150505","146.98","2026-08-04 11:27:22","SOURCE"
"H\assets\img\services 5.png","149927","146.41","2026-08-04 11:27:22","SOURCE"
"H\assets\img\services 6.png","145461","142.05","2026-08-04 11:27:22","SOURCE"
"H\assets\img\services 7.png","221356","216.17","2026-08-04 11:27:22","SOURCE"
"H\assets\img\services 8.png","194443","189.89","2026-08-04 11:27:22","SOURCE"
"H\assets\img\services 9.png","152846","149.26","2026-08-04 11:27:22","SOURCE"
"H\assets\img\sevices 3.png","146421","142.99","2026-08-04 11:27:22","SOURCE"
"H\assets\img\sevices 4.png","96337","94.08","2026-08-04 11:27:22","SOURCE"
"H\assets\img\shape\car_1.png","15928","15.55","2026-06-24 13:19:34","SOURCE"
"H\assets\img\shape\car_2.png","22789","22.25","2026-06-24 13:19:34","SOURCE"
"H\assets\img\shape\cards.png","3181","3.11","2026-06-24 13:19:34","SOURCE"
"H\assets\img\shape\client-img-1-1.png","6665","6.51","2026-06-24 13:19:34","SOURCE"
"H\assets\img\shape\client-img-1-2.png","7385","7.21","2026-06-24 13:19:34","SOURCE"
"H\assets\img\shape\client-img-1-3.png","7032","6.87","2026-06-24 13:19:34","SOURCE"
"H\assets\img\shape\client-img-2-1.png","6474","6.32","2026-06-24 13:19:34","SOURCE"
"H\assets\img\shape\client-img-2-2.png","6572","6.42","2026-06-24 13:19:34","SOURCE"
"H\assets\img\shape\client-img-2-3.png","5564","5.43","2026-06-24 13:19:34","SOURCE"
"H\assets\img\shape\client-img-2-4.png","6096","5.95","2026-06-24 13:19:34","SOURCE"
"H\assets\img\shape\degree.png","874","0.85","2026-06-24 13:19:34","SOURCE"
"H\assets\img\shape\elements_1_1.png","2034","1.99","2026-06-24 13:19:34","SOURCE"
"H\assets\img\shape\elements_1_1.svg","6980","6.82","2026-06-24 13:19:34","SOURCE"
"H\assets\img\shape\elements_1_10.svg","10027","9.79","2026-06-24 13:19:34","SOURCE"
"H\assets\img\shape\elements_1_11.svg","16980","16.58","2026-06-24 13:19:34","SOURCE"
"H\assets\img\shape\elements_1_12.svg","26534","25.91","2026-06-24 13:19:34","SOURCE"
"H\assets\img\shape\elements_1_13.svg","2805","2.74","2026-06-24 13:19:34","SOURCE"
"H\assets\img\shape\elements_1_14.svg","8202","8.01","2026-06-24 13:19:34","SOURCE"
"H\assets\img\shape\elements_1_15.svg","16696","16.3","2026-06-24 13:19:34","SOURCE"
"H\assets\img\shape\elements_1_16.svg","24975","24.39","2026-06-24 13:19:34","SOURCE"
"H\assets\img\shape\elements_1_17.svg","9290","9.07","2026-06-24 13:19:34","SOURCE"
"H\assets\img\shape\elements_1_18.svg","21275","20.78","2026-06-24 13:19:34","SOURCE"
"H\assets\img\shape\elements_1_19.svg","13476","13.16","2026-06-24 13:19:34","SOURCE"
"H\assets\img\shape\elements_1_2.svg","1334","1.3","2026-06-24 13:19:34","SOURCE"
"H\assets\img\shape\elements_1_3.svg","16330","15.95","2026-06-24 13:19:34","SOURCE"
"H\assets\img\shape\elements_1_4.svg","1948","1.9","2026-06-24 13:19:34","SOURCE"
"H\assets\img\shape\elements_1_5.svg","11147","10.89","2026-06-24 13:19:34","SOURCE"
"H\assets\img\shape\elements_1_6.svg","19145","18.7","2026-06-24 13:19:34","SOURCE"
"H\assets\img\shape\elements_1_7.svg","16350","15.97","2026-06-24 13:19:34","SOURCE"
"H\assets\img\shape\elements_1_8.svg","18624","18.19","2026-06-24 13:19:34","SOURCE"
"H\assets\img\shape\elements_1_9.svg","3878","3.79","2026-06-24 13:19:34","SOURCE"
"H\assets\img\shape\footer4-shape.png","7121","6.95","2026-06-24 13:19:34","SOURCE"
"H\assets\img\shape\footer4-shape2.png","7353","7.18","2026-06-24 13:19:34","SOURCE"
"H\assets\img\shape\line.png","27015","26.38","2026-06-24 13:19:34","SOURCE"
"H\assets\img\shape\line2.png","25847","25.24","2026-06-24 13:19:34","SOURCE"
"H\assets\img\shape\shape.svg","5957","5.82","2026-06-24 13:19:34","SOURCE"
"H\assets\img\shape\shape_1.png","688","0.67","2026-06-24 13:19:34","SOURCE"
"H\assets\img\shape\shape_10.png","2297","2.24","2026-06-24 13:19:34","SOURCE"
"H\assets\img\shape\shape_11.png","3772","3.68","2026-06-24 13:19:34","SOURCE"
"H\assets\img\shape\shape_12.png","2674","2.61","2026-06-24 13:19:34","SOURCE"
"H\assets\img\shape\shape_13.png","2113","2.06","2026-06-24 13:19:36","SOURCE"
"H\assets\img\shape\shape_14.png","1918","1.87","2026-06-24 13:19:36","SOURCE"
"H\assets\img\shape\shape_15.png","5528","5.4","2026-06-24 13:19:36","SOURCE"
"H\assets\img\shape\shape_16.png","12396","12.11","2026-06-24 13:19:36","SOURCE"
"H\assets\img\shape\shape_17.png","30351","29.64","2026-06-24 13:19:36","SOURCE"
"H\assets\img\shape\shape_18.png","20372","19.89","2026-06-24 13:19:36","SOURCE"
"H\assets\img\shape\shape_19.png","16764","16.37","2026-06-24 13:19:36","SOURCE"
"H\assets\img\shape\shape_2.png","2866","2.8","2026-06-24 13:19:36","SOURCE"
"H\assets\img\shape\shape_2_1.png","4250","4.15","2026-06-24 13:19:36","SOURCE"
"H\assets\img\shape\shape_2_10.png","4697","4.59","2026-06-24 13:19:36","SOURCE"
"H\assets\img\shape\shape_2_11.png","4817","4.7","2026-06-24 13:19:36","SOURCE"
"H\assets\img\shape\shape_2_2.png","1851","1.81","2026-06-24 13:19:36","SOURCE"
"H\assets\img\shape\shape_2_3.png","4109","4.01","2026-06-24 13:19:36","SOURCE"
"H\assets\img\shape\shape_2_4.png","5120","5","2026-06-24 13:19:36","SOURCE"
"H\assets\img\shape\shape_2_5.png","1427","1.39","2026-06-24 13:19:36","SOURCE"
"H\assets\img\shape\shape_2_6.png","4837","4.72","2026-06-24 13:19:36","SOURCE"
"H\assets\img\shape\shape_2_7.png","6941","6.78","2026-06-24 13:19:36","SOURCE"
"H\assets\img\shape\shape_2_8.png","2753","2.69","2026-06-24 13:19:36","SOURCE"
"H\assets\img\shape\shape_2_9.png","2206","2.15","2026-06-24 13:19:36","SOURCE"
"H\assets\img\shape\shape_20.png","28860","28.18","2026-06-24 13:19:36","SOURCE"
"H\assets\img\shape\shape_21.png","256177","250.17","2026-06-24 13:19:36","SOURCE"
"H\assets\img\shape\shape_3.png","1721","1.68","2026-06-24 13:19:36","SOURCE"
"H\assets\img\shape\shape_4.png","2692","2.63","2026-06-24 13:19:36","SOURCE"
"H\assets\img\shape\shape_5.png","2819","2.75","2026-06-24 13:19:36","SOURCE"
"H\assets\img\shape\shape_6.png","20213","19.74","2026-06-24 13:19:36","SOURCE"
"H\assets\img\shape\shape_7.png","2497","2.44","2026-06-24 13:19:36","SOURCE"
"H\assets\img\shape\shape_8.png","1403","1.37","2026-06-24 13:19:36","SOURCE"
"H\assets\img\shape\shape_9.png","2343","2.29","2026-06-24 13:19:36","SOURCE"
"H\assets\img\shape\shape1.png","3799","3.71","2026-06-24 13:19:34","SOURCE"
"H\assets\img\shape\shape2.png","2376","2.32","2026-06-24 13:19:34","SOURCE"
"H\assets\img\shape\shape3.png","993","0.97","2026-06-24 13:19:34","SOURCE"
"H\assets\img\shape\sun.png","817","0.8","2026-06-24 13:19:36","SOURCE"
"H\assets\img\shape\testi-shape.png","1397","1.36","2026-06-24 13:19:36","SOURCE"
"H\assets\img\shape\tree_1.png","10684","10.43","2026-06-24 13:19:36","SOURCE"
"H\assets\img\Suraj.png","71031","69.37","2026-08-19 11:52:14","SOURCE"
"H\assets\img\team building.png","113709","111.04","2026-08-04 11:27:22","SOURCE"
"H\assets\img\team\team_1_1.jpg","1797","1.75","2026-06-24 13:19:36","SOURCE"
"H\assets\img\team\team_1_2.jpg","1797","1.75","2026-06-24 13:19:36","SOURCE"
"H\assets\img\team\team_1_3.jpg","1797","1.75","2026-06-24 13:19:36","SOURCE"
"H\assets\img\team\team_1_4.jpg","1797","1.75","2026-06-24 13:19:36","SOURCE"
"H\assets\img\team\team_1_5.jpg","1797","1.75","2026-06-24 13:19:36","SOURCE"
"H\assets\img\team\team_1_6.jpg","1797","1.75","2026-06-24 13:19:36","SOURCE"
"H\assets\img\team\team_2_1.jpg","1797","1.75","2026-06-24 13:19:36","SOURCE"
"H\assets\img\team\team_2_2.jpg","1797","1.75","2026-06-24 13:19:36","SOURCE"
"H\assets\img\team\team_2_3.jpg","1797","1.75","2026-06-24 13:19:36","SOURCE"
"H\assets\img\team\team_3_1.jpg","2565","2.5","2026-06-24 13:19:36","SOURCE"
"H\assets\img\team\team_3_2.jpg","2565","2.5","2026-06-24 13:19:36","SOURCE"
"H\assets\img\team\team_3_3.jpg","2565","2.5","2026-06-24 13:19:36","SOURCE"
"H\assets\img\team\team_3_4.jpg","2565","2.5","2026-06-24 13:19:36","SOURCE"
"H\assets\img\team\team_3_5.jpg","2565","2.5","2026-06-24 13:19:36","SOURCE"
"H\assets\img\team\team_img_1.jpg","1675","1.64","2026-06-24 13:19:36","SOURCE"
"H\assets\img\team\team_img_1_1.jpg","2465","2.41","2026-06-24 13:19:36","SOURCE"
"H\assets\img\team\team_img_1_2.jpg","2264","2.21","2026-06-24 13:19:36","SOURCE"
"H\assets\img\team\team_img_1_3.jpg","2501","2.44","2026-06-24 13:19:36","SOURCE"
"H\assets\img\team\team_img_2.jpg","1675","1.64","2026-06-24 13:19:36","SOURCE"
"H\assets\img\team\team_img_3.jpg","1675","1.64","2026-06-24 13:19:36","SOURCE"
"H\assets\img\team\team_img_4.jpg","1675","1.64","2026-06-24 13:19:36","SOURCE"
"H\assets\img\team\team_img_5.jpg","1675","1.64","2026-06-24 13:19:36","SOURCE"
"H\assets\img\team\team_img_6.jpg","1675","1.64","2026-06-24 13:19:36","SOURCE"
"H\assets\img\testimonial\testi_1_1.jpg","807","0.79","2026-06-24 13:19:36","SOURCE"
"H\assets\img\testimonial\testi_1_2.jpg","807","0.79","2026-06-24 13:19:36","SOURCE"
"H\assets\img\testimonial\testi_2_1.png","915","0.89","2026-06-24 13:19:36","SOURCE"
"H\assets\img\testimonial\testi_2_2.png","918","0.9","2026-06-24 13:19:36","SOURCE"
"H\assets\img\testimonial\testi_2_3.png","918","0.9","2026-06-24 13:19:36","SOURCE"
"H\assets\img\testimonial\testi_2_4.png","918","0.9","2026-06-24 13:19:36","SOURCE"
"H\assets\img\testimonial\testi_2_5.png","918","0.9","2026-06-24 13:19:36","SOURCE"
"H\assets\img\testimonial\testi_3_1.png","1009","0.99","2026-06-24 13:19:36","SOURCE"
"H\assets\img\testimonial\testi_3_2.png","848","0.83","2026-06-24 13:19:36","SOURCE"
"H\assets\img\testimonial\testi_3_3.png","848","0.83","2026-06-24 13:19:36","SOURCE"
"H\assets\img\testimonial\testi_3_4.png","918","0.9","2026-06-24 13:19:36","SOURCE"
"H\assets\img\testimonial\testi_3_5.png","848","0.83","2026-06-24 13:19:36","SOURCE"
"H\assets\img\testimonial\testi_3_6.png","1009","0.99","2026-06-24 13:19:36","SOURCE"
"H\assets\img\testimonial\testi_4_1.png","1042","1.02","2026-06-24 13:19:36","SOURCE"
"H\assets\img\testimonial\testi_4_2.png","1042","1.02","2026-06-24 13:19:36","SOURCE"
"H\assets\img\testimonial\testi_4_3.png","1042","1.02","2026-06-24 13:19:36","SOURCE"
"H\assets\img\testimonial\testi_4_4.png","1042","1.02","2026-06-24 13:19:36","SOURCE"
"H\assets\img\testimonial\testi_5_1.png","1157","1.13","2026-06-24 13:19:36","SOURCE"
"H\assets\img\testimonial\testi_5_2.png","1310","1.28","2026-06-24 13:19:36","SOURCE"
"H\assets\img\testimonial\testi_5_3.png","1310","1.28","2026-06-24 13:19:36","SOURCE"
"H\assets\img\testimonial\testi_6_1.png","1438","1.4","2026-06-24 13:19:36","SOURCE"
"H\assets\img\testimonial\testi_6_2.png","1438","1.4","2026-06-24 13:19:36","SOURCE"
"H\assets\img\testimonial\testi_6_3.png","1441","1.41","2026-06-24 13:19:36","SOURCE"
"H\assets\img\testimonial\testi_bg_1.jpg","7990","7.8","2026-06-24 13:19:36","SOURCE"
"H\assets\img\testimonial\testi_bg_2.jpg","7990","7.8","2026-06-24 13:19:36","SOURCE"
"H\assets\img\testimonial\testi_bg_3.jpg","7990","7.8","2026-06-24 13:19:36","SOURCE"
"H\assets\img\testimonial\testi_shape_1.png","4005","3.91","2026-06-24 13:19:36","SOURCE"
"H\assets\img\testimonial\testi_shape_2.png","3284","3.21","2026-06-24 13:19:36","SOURCE"
"H\assets\img\testimonial\testi-img1.jpg","3959","3.87","2026-06-24 13:19:36","SOURCE"
"H\assets\img\testimonial\testi-img-1.jpg","2620","2.56","2026-06-24 13:19:36","SOURCE"
"H\assets\img\testimonial\testi-img2.jpg","1929","1.88","2026-06-24 13:19:36","SOURCE"
"H\assets\img\testimonial\testi-img-2.jpg","1991","1.94","2026-06-24 13:19:36","SOURCE"
"H\assets\img\testimonial\testi-img-2_1.jpg","2117","2.07","2026-06-24 13:19:36","SOURCE"
"H\assets\img\testimonial\testi-img-2_2.jpg","2117","2.07","2026-06-24 13:19:36","SOURCE"
"H\assets\img\testimonial\testi-img-2_3.jpg","2117","2.07","2026-06-24 13:19:36","SOURCE"
"H\assets\img\thailand 1.png","127887","124.89","2026-08-19 11:40:34","SOURCE"
"H\assets\img\thailand 10.png","141820","138.5","2026-08-19 11:40:35","SOURCE"
"H\assets\img\thailand 11.png","121723","118.87","2026-08-19 13:06:25","SOURCE"
"H\assets\img\thailand 12.png","129495","126.46","2026-08-19 11:40:35","SOURCE"
"H\assets\img\thailand 2.png","123525","120.63","2026-08-19 11:40:34","SOURCE"
"H\assets\img\thailand 3.png","168611","164.66","2026-08-19 13:06:25","SOURCE"
"H\assets\img\thailand 4.png","125415","122.48","2026-08-19 11:40:34","SOURCE"
"H\assets\img\thailand 5.png","129661","126.62","2026-08-19 11:40:34","SOURCE"
"H\assets\img\thailand 6.png","129091","126.07","2026-08-19 11:40:34","SOURCE"
"H\assets\img\thailand 7.png","94345","92.13","2026-08-19 11:40:34","SOURCE"
"H\assets\img\thailand 8.png","148608","145.12","2026-08-19 11:40:34","SOURCE"
"H\assets\img\thailand 9.png","128574","125.56","2026-08-19 11:40:35","SOURCE"
"H\assets\img\Thailand.png","679938","664","2026-08-19 11:36:27","SOURCE"
"H\assets\img\theme-img\error.svg","44745","43.7","2026-06-24 13:19:36","SOURCE"
"H\assets\img\theme-img\map.svg","1105","1.08","2026-06-24 13:19:36","SOURCE"
"H\assets\img\tour\tour_10_1.jpg","1819","1.78","2026-06-24 13:19:36","SOURCE"
"H\assets\img\tour\tour_10_2.jpg","1819","1.78","2026-06-24 13:19:36","SOURCE"
"H\assets\img\tour\tour_10_3.jpg","1819","1.78","2026-06-24 13:19:36","SOURCE"
"H\assets\img\tour\tour_10_4.jpg","1819","1.78","2026-06-24 13:19:38","SOURCE"
"H\assets\img\tour\tour_2_1.jpg","1641","1.6","2026-06-24 13:19:38","SOURCE"
"H\assets\img\tour\tour_2_2.jpg","2652","2.59","2026-06-24 13:19:38","SOURCE"
"H\assets\img\tour\tour_2_3.jpg","1641","1.6","2026-06-24 13:19:38","SOURCE"
"H\assets\img\tour\tour_2_4.jpg","2652","2.59","2026-06-24 13:19:38","SOURCE"
"H\assets\img\tour\tour_3_1.jpg","1819","1.78","2026-06-24 13:19:38","SOURCE"
"H\assets\img\tour\tour_3_2.jpg","1819","1.78","2026-06-24 13:19:38","SOURCE"
"H\assets\img\tour\tour_3_3.jpg","1819","1.78","2026-06-24 13:19:38","SOURCE"
"H\assets\img\tour\tour_3_4.jpg","1819","1.78","2026-06-24 13:19:38","SOURCE"
"H\assets\img\tour\tour_3_5.jpg","1819","1.78","2026-06-24 13:19:38","SOURCE"
"H\assets\img\tour\tour_3_6.jpg","1819","1.78","2026-06-24 13:19:38","SOURCE"
"H\assets\img\tour\tour_3_7.jpg","1819","1.78","2026-06-24 13:19:38","SOURCE"
"H\assets\img\tour\tour_3_8.jpg","1819","1.78","2026-06-24 13:19:38","SOURCE"
"H\assets\img\tour\tour_3_9.jpg","1819","1.78","2026-06-24 13:19:38","SOURCE"
"H\assets\img\tour\tour_4_1.jpg","2078","2.03","2026-06-24 13:19:38","SOURCE"
"H\assets\img\tour\tour_4_2.jpg","2078","2.03","2026-06-24 13:19:38","SOURCE"
"H\assets\img\tour\tour_4_3.jpg","2078","2.03","2026-06-24 13:19:38","SOURCE"
"H\assets\img\tour\tour_4_4.jpg","2078","2.03","2026-06-24 13:19:38","SOURCE"
"H\assets\img\tour\tour_4_5.jpg","2078","2.03","2026-06-24 13:19:38","SOURCE"
"H\assets\img\tour\tour_4_6.jpg","2078","2.03","2026-06-24 13:19:38","SOURCE"
"H\assets\img\tour\tour_4_7.jpg","2078","2.03","2026-06-24 13:19:38","SOURCE"
"H\assets\img\tour\tour_4_8.jpg","2078","2.03","2026-06-24 13:19:38","SOURCE"
"H\assets\img\tour\tour_5_1.jpg","2078","2.03","2026-06-24 13:19:38","SOURCE"
"H\assets\img\tour\tour_5_2.jpg","2078","2.03","2026-06-24 13:19:38","SOURCE"
"H\assets\img\tour\tour_5_3.jpg","2078","2.03","2026-06-24 13:19:38","SOURCE"
"H\assets\img\tour\tour_5_4.jpg","2078","2.03","2026-06-24 13:19:38","SOURCE"
"H\assets\img\tour\tour_5_5.jpg","2078","2.03","2026-06-24 13:19:38","SOURCE"
"H\assets\img\tour\tour_5_6.jpg","2078","2.03","2026-06-24 13:19:38","SOURCE"
"H\assets\img\tour\tour_5_7.jpg","2078","2.03","2026-06-24 13:19:38","SOURCE"
"H\assets\img\tour\tour_5_8.jpg","2078","2.03","2026-06-24 13:19:38","SOURCE"
"H\assets\img\tour\tour_6_1.jpg","1819","1.78","2026-06-24 13:19:38","SOURCE"
"H\assets\img\tour\tour_6_2.jpg","1819","1.78","2026-06-24 13:19:38","SOURCE"
"H\assets\img\tour\tour_6_3.jpg","1819","1.78","2026-06-24 13:19:38","SOURCE"
"H\assets\img\tour\tour_6_4.jpg","1819","1.78","2026-06-24 13:19:38","SOURCE"
"H\assets\img\tour\tour_7_1.jpg","1729","1.69","2026-06-24 13:19:38","SOURCE"
"H\assets\img\tour\tour_7_2.jpg","1729","1.69","2026-06-24 13:19:38","SOURCE"
"H\assets\img\tour\tour_7_3.jpg","1729","1.69","2026-06-24 13:19:38","SOURCE"
"H\assets\img\tour\tour_7_4.jpg","1729","1.69","2026-06-24 13:19:38","SOURCE"
"H\assets\img\tour\tour_8_1.jpg","1729","1.69","2026-06-24 13:19:38","SOURCE"
"H\assets\img\tour\tour_8_2.jpg","1729","1.69","2026-06-24 13:19:38","SOURCE"
"H\assets\img\tour\tour_8_3.jpg","1729","1.69","2026-06-24 13:19:38","SOURCE"
"H\assets\img\tour\tour_8_4.jpg","1729","1.69","2026-06-24 13:19:38","SOURCE"
"H\assets\img\tour\tour_9_1.jpg","1819","1.78","2026-06-24 13:19:38","SOURCE"
"H\assets\img\tour\tour_9_2.jpg","1819","1.78","2026-06-24 13:19:38","SOURCE"
"H\assets\img\tour\tour_9_3.jpg","1819","1.78","2026-06-24 13:19:38","SOURCE"
"H\assets\img\tour\tour_9_4.jpg","1819","1.78","2026-06-24 13:19:38","SOURCE"
"H\assets\img\tour\tour_box_1.jpg","1819","1.78","2026-06-24 13:19:38","SOURCE"
"H\assets\img\tour\tour_box_10.jpg","1819","1.78","2026-06-24 13:19:38","SOURCE"
"H\assets\img\tour\tour_box_11.jpg","1819","1.78","2026-06-24 13:19:38","SOURCE"
"H\assets\img\tour\tour_box_12.jpg","1819","1.78","2026-06-24 13:19:38","SOURCE"
"H\assets\img\tour\tour_box_13.jpg","1819","1.78","2026-06-24 13:19:38","SOURCE"
"H\assets\img\tour\tour_box_14.jpg","1819","1.78","2026-06-24 13:19:38","SOURCE"
"H\assets\img\tour\tour_box_15.jpg","1819","1.78","2026-06-24 13:19:38","SOURCE"
"H\assets\img\tour\tour_box_16.jpg","1819","1.78","2026-06-24 13:19:38","SOURCE"
"H\assets\img\tour\tour_box_17.jpg","1819","1.78","2026-06-24 13:19:38","SOURCE"
"H\assets\img\tour\tour_box_18.jpg","1819","1.78","2026-06-24 13:19:38","SOURCE"
"H\assets\img\tour\tour_box_19.jpg","1819","1.78","2026-06-24 13:19:38","SOURCE"
"H\assets\img\tour\tour_box_2.jpg","1819","1.78","2026-06-24 13:19:38","SOURCE"
"H\assets\img\tour\tour_box_20.jpg","1819","1.78","2026-06-24 13:19:38","SOURCE"
"H\assets\img\tour\tour_box_3.jpg","1819","1.78","2026-06-24 13:19:38","SOURCE"
"H\assets\img\tour\tour_box_4.jpg","1819","1.78","2026-06-24 13:19:38","SOURCE"
"H\assets\img\tour\tour_box_5.jpg","1819","1.78","2026-06-24 13:19:38","SOURCE"
"H\assets\img\tour\tour_box_6.jpg","1819","1.78","2026-06-24 13:19:38","SOURCE"
"H\assets\img\tour\tour_box_7.jpg","1819","1.78","2026-06-24 13:19:38","SOURCE"
"H\assets\img\tour\tour_box_8.jpg","1819","1.78","2026-06-24 13:19:38","SOURCE"
"H\assets\img\tour\tour_box_9.jpg","1819","1.78","2026-06-24 13:19:38","SOURCE"
"H\assets\img\tour\tour_inner_1.jpg","6500","6.35","2026-06-24 13:19:38","SOURCE"
"H\assets\img\tour\tour_inner_2.jpg","6500","6.35","2026-06-24 13:19:38","SOURCE"
"H\assets\img\tour\tour_inner_2_1.jpg","6500","6.35","2026-06-24 13:19:38","SOURCE"
"H\assets\img\tour\tour_inner_2_2.jpg","6500","6.35","2026-06-24 13:19:38","SOURCE"
"H\assets\img\tour\tour_inner_2_3.jpg","6500","6.35","2026-06-24 13:19:38","SOURCE"
"H\assets\img\tour\tour_inner_2_4.jpg","6500","6.35","2026-06-24 13:19:38","SOURCE"
"H\assets\img\tour\tour_inner_3.jpg","6500","6.35","2026-06-24 13:19:38","SOURCE"
"H\assets\img\tour\tour_inner_4.jpg","6500","6.35","2026-06-24 13:19:38","SOURCE"
"H\assets\img\tour\tour-1_1.jpg","2051","2","2026-06-24 13:19:36","SOURCE"
"H\assets\img\tour\tour-1_2.jpg","2051","2","2026-06-24 13:19:36","SOURCE"
"H\assets\img\tour\tour-1_3.jpg","2051","2","2026-06-24 13:19:36","SOURCE"
"H\assets\img\travel risk.png","110469","107.88","2026-08-04 11:27:22","SOURCE"
"H\assets\img\vietnam 1.png","125542","122.6","2026-08-10 17:27:20","SOURCE"
"H\assets\img\Vietnam 10.png","128855","125.83","2026-08-11 11:41:42","SOURCE"
"H\assets\img\Vietnam 11.png","148981","145.49","2026-08-11 11:41:42","SOURCE"
"H\assets\img\Vietnam 12.png","139880","136.6","2026-08-11 11:41:42","SOURCE"
"H\assets\img\vietnam 2.png","145027","141.63","2026-08-10 17:27:20","SOURCE"
"H\assets\img\vietnam 3.png","122428","119.56","2026-08-10 17:27:20","SOURCE"
"H\assets\img\vietnam 4.png","126548","123.58","2026-08-10 17:27:20","SOURCE"
"H\assets\img\vietnam 5.png","155407","151.76","2026-08-10 17:27:20","SOURCE"
"H\assets\img\Vietnam 6.png","125244","122.31","2026-08-11 11:41:42","SOURCE"
"H\assets\img\vietnam 7.png","129600","126.56","2026-08-10 17:27:20","SOURCE"
"H\assets\img\vietnam 8.png","142094","138.76","2026-08-10 17:27:20","SOURCE"
"H\assets\img\Vietnam 9.png","106980","104.47","2026-08-11 11:41:42","SOURCE"
"H\assets\img\Vietnam New.png","509636","497.69","2026-08-10 16:16:51","SOURCE"
"H\assets\img\Vietnam.png","571499","558.1","2026-08-10 16:13:39","SOURCE"
"H\assets\img\Vikas Tyagi.png","89274","87.18","2026-08-19 11:52:14","SOURCE"
"H\assets\img\VIP executive.png","110574","107.98","2026-08-04 11:27:22","SOURCE"
"H\assets\img\visa document.png","114391","111.71","2026-08-04 11:27:22","SOURCE"
"H\assets\img\widget\gallery_1_1.jpg","756","0.74","2026-06-24 13:19:38","SOURCE"
"H\assets\img\widget\gallery_1_2.jpg","756","0.74","2026-06-24 13:19:38","SOURCE"
"H\assets\img\widget\gallery_1_3.jpg","756","0.74","2026-06-24 13:19:38","SOURCE"
"H\assets\img\widget\gallery_1_4.jpg","756","0.74","2026-06-24 13:19:38","SOURCE"
"H\assets\img\widget\gallery_1_5.jpg","756","0.74","2026-06-24 13:19:38","SOURCE"
"H\assets\img\widget\gallery_1_6.jpg","756","0.74","2026-06-24 13:19:38","SOURCE"
"H\assets\img\widget\gallery_2_1.jpg","756","0.74","2026-06-24 13:19:38","SOURCE"
"H\assets\img\widget\gallery_2_2.jpg","756","0.74","2026-06-24 13:19:38","SOURCE"
"H\assets\img\widget\gallery_2_3.jpg","756","0.74","2026-06-24 13:19:38","SOURCE"
"H\assets\img\widget\gallery_2_4.jpg","756","0.74","2026-06-24 13:19:38","SOURCE"
"H\assets\img\widget\gallery_2_5.jpg","756","0.74","2026-06-24 13:19:38","SOURCE"
"H\assets\img\widget\gallery_2_6.jpg","756","0.74","2026-06-24 13:19:38","SOURCE"
"H\assets\js\360.js","569953","556.59","2026-06-24 13:19:38","SOURCE"
"H\assets\js\app.min.js","479882","468.63","2026-06-24 13:19:38","SOURCE"
"H\assets\js\bootstrap.min.js","80678","78.79","2026-06-24 13:19:38","SOURCE"
"H\assets\js\circle-progress.js","4429","4.33","2026-06-24 13:19:38","SOURCE"
"H\assets\js\gsap.min.js","68804","67.19","2026-06-24 13:19:38","SOURCE"
"H\assets\js\imagesloaded.pkgd.min.js","5388","5.26","2026-06-24 13:19:38","SOURCE"
"H\assets\js\isotope.pkgd.min.js","34825","34.01","2026-06-24 13:19:38","SOURCE"
"H\assets\js\jquery.counterup.min.js","10544","10.3","2026-06-24 13:19:38","SOURCE"
"H\assets\js\jquery.magnific-popup.min.js","20214","19.74","2026-06-24 13:19:38","SOURCE"
"H\assets\js\jquery-ui.min.js","21889","21.38","2026-06-24 13:19:38","SOURCE"
"H\assets\js\main.js","61735","60.29","2026-06-24 13:19:38","SOURCE"
"H\assets\js\matter.min.js","85223","83.23","2026-06-24 13:19:38","SOURCE"
"H\assets\js\matterjs-custom.js","4122","4.03","2026-06-24 13:19:40","SOURCE"
"H\assets\js\nice-select.min.js","2838","2.77","2026-06-24 13:19:40","SOURCE"
"H\assets\js\panolens.min.js","111151","108.55","2026-06-24 13:19:40","SOURCE"
"H\assets\js\swiper-bundle.min.js","141783","138.46","2026-06-24 13:19:40","SOURCE"
"H\assets\js\vendor\jquery-3.6.0.min.js","89501","87.4","2026-06-24 13:19:40","SOURCE"
"H\assets\js\vendor\jquery-3.7.1.min.js","87532","85.48","2026-06-24 13:19:40","SOURCE"
"H\assets\sass\base\_extend.scss","0","0","2026-06-24 13:19:40","SOURCE"
"H\assets\sass\base\_function.scss","432","0.42","2026-06-24 13:19:40","SOURCE"
"H\assets\sass\base\_mixin.scss","2998","2.93","2026-06-24 13:19:40","SOURCE"
"H\assets\sass\base\_typography.scss","2931","2.86","2026-06-24 13:19:40","SOURCE"
"H\assets\sass\base\_variable.scss","3700","3.61","2026-06-24 13:19:40","SOURCE"
"H\assets\sass\base\_wpdefault.scss","10669","10.42","2026-06-24 13:19:40","SOURCE"
"H\assets\sass\reset\_container.scss","1256","1.23","2026-06-24 13:19:40","SOURCE"
"H\assets\sass\reset\_grid.scss","878","0.86","2026-06-24 13:19:40","SOURCE"
"H\assets\sass\reset\_input.scss","6685","6.53","2026-06-24 13:19:40","SOURCE"
"H\assets\sass\reset\_mobilemenu.scss","4432","4.33","2026-06-24 13:19:40","SOURCE"
"H\assets\sass\reset\_nice-select.scss","5842","5.71","2026-06-24 13:19:40","SOURCE"
"H\assets\sass\reset\_slider.scss","6738","6.58","2026-06-24 13:19:40","SOURCE"
"H\assets\sass\spacing\_margin.scss","1552","1.52","2026-06-24 13:19:40","SOURCE"
"H\assets\sass\spacing\_padding.scss","891","0.87","2026-06-24 13:19:40","SOURCE"
"H\assets\sass\spacing\_section-space.scss","953","0.93","2026-06-24 13:19:40","SOURCE"
"H\assets\sass\spacing\_spacing.scss","102","0.1","2026-06-24 13:19:40","SOURCE"
"H\assets\sass\style.scss","8091","7.9","2026-06-24 13:19:40","SOURCE"
"H\assets\sass\template\breadcumb\_breadcumb-v1.scss","2418","2.36","2026-06-24 13:19:40","SOURCE"
"H\assets\sass\template\footers\_footer.scss","7384","7.21","2026-06-24 13:19:40","SOURCE"
"H\assets\sass\template\headers\_header.scss","23690","23.13","2026-06-24 13:19:40","SOURCE"
"H\assets\sass\template\sections\_about.scss","18420","17.99","2026-06-24 13:19:40","SOURCE"
"H\assets\sass\template\sections\_blog.scss","19255","18.8","2026-06-24 13:19:40","SOURCE"
"H\assets\sass\template\sections\_blog-extra.scss","15694","15.33","2026-06-24 13:19:40","SOURCE"
"H\assets\sass\template\sections\_booking.scss","14034","13.71","2026-06-24 13:19:40","SOURCE"
"H\assets\sass\template\sections\_brand.scss","1748","1.71","2026-06-24 13:19:40","SOURCE"
"H\assets\sass\template\sections\_cart.scss","7073","6.91","2026-06-24 13:19:40","SOURCE"
"H\assets\sass\template\sections\_category.scss","7674","7.49","2026-06-24 13:19:40","SOURCE"
"H\assets\sass\template\sections\_checkout.scss","4192","4.09","2026-06-24 13:19:40","SOURCE"
"H\assets\sass\template\sections\_color-plate.scss","1344","1.31","2026-06-24 13:19:40","SOURCE"
"H\assets\sass\template\sections\_comments.scss","7732","7.55","2026-06-24 13:19:40","SOURCE"
"H\assets\sass\template\sections\_contact.scss","7643","7.46","2026-06-24 13:19:40","SOURCE"
"H\assets\sass\template\sections\_counter.scss","4676","4.57","2026-06-24 13:19:40","SOURCE"
"H\assets\sass\template\sections\_course.scss","0","0","2026-06-24 13:19:40","SOURCE"
"H\assets\sass\template\sections\_cta.scss","2711","2.65","2026-06-24 13:19:40","SOURCE"
"H\assets\sass\template\sections\_destination.scss","15666","15.3","2026-06-24 13:19:40","SOURCE"
"H\assets\sass\template\sections\_error.scss","760","0.74","2026-06-24 13:19:40","SOURCE"
"H\assets\sass\template\sections\_faq.scss","9507","9.28","2026-06-24 13:19:40","SOURCE"
"H\assets\sass\template\sections\_feature.scss","7095","6.93","2026-06-24 13:19:40","SOURCE"
"H\assets\sass\template\sections\_gallery.scss","6086","5.94","2026-06-24 13:19:40","SOURCE"
"H\assets\sass\template\sections\_hero.scss","46528","45.44","2026-06-24 13:19:40","SOURCE"
"H\assets\sass\template\sections\_marquee.scss","1447","1.41","2026-06-24 13:19:40","SOURCE"
"H\assets\sass\template\sections\_megamenu.scss","5858","5.72","2026-06-24 13:19:40","SOURCE"
"H\assets\sass\template\sections\_model.scss","1346","1.31","2026-06-24 13:19:40","SOURCE"
"H\assets\sass\template\sections\_pagination-v1.scss","2025","1.98","2026-06-24 13:19:40","SOURCE"
"H\assets\sass\template\sections\_popupsearch-v1.scss","2469","2.41","2026-06-24 13:19:40","SOURCE"
"H\assets\sass\template\sections\_pricing.scss","8829","8.62","2026-06-24 13:19:40","SOURCE"
"H\assets\sass\template\sections\_process.scss","0","0","2026-06-24 13:19:40","SOURCE"
"H\assets\sass\template\sections\_products.scss","28037","27.38","2026-06-24 13:19:40","SOURCE"
"H\assets\sass\template\sections\_project.scss","0","0","2026-06-24 13:19:40","SOURCE"
"H\assets\sass\template\sections\_service.scss","1370","1.34","2026-06-24 13:19:40","SOURCE"
"H\assets\sass\template\sections\_sidemenu-v1.scss","2444","2.39","2026-06-24 13:19:40","SOURCE"
"H\assets\sass\template\sections\_simple-sections.scss","9133","8.92","2026-06-24 13:19:40","SOURCE"
"H\assets\sass\template\sections\_tabmenu.scss","774","0.76","2026-06-24 13:19:40","SOURCE"
"H\assets\sass\template\sections\_team.scss","13341","13.03","2026-06-24 13:19:40","SOURCE"
"H\assets\sass\template\sections\_testimonial.scss","21290","20.79","2026-06-24 13:19:40","SOURCE"
"H\assets\sass\template\sections\_tour.scss","11919","11.64","2026-06-24 13:19:40","SOURCE"
"H\assets\sass\template\sections\_trip.scss","14772","14.43","2026-06-24 13:19:40","SOURCE"
"H\assets\sass\template\sections\_why.scss","21673","21.17","2026-06-24 13:19:40","SOURCE"
"H\assets\sass\template\sections\_wishlist.scss","5585","5.45","2026-06-24 13:19:40","SOURCE"
"H\assets\sass\template\sections\_woocommerce.scss","9392","9.17","2026-06-24 13:19:40","SOURCE"
"H\assets\sass\template\widgets\_widget-default-list.scss","2069","2.02","2026-06-24 13:19:40","SOURCE"
"H\assets\sass\template\widgets\_widget-footer.scss","5104","4.98","2026-06-24 13:19:40","SOURCE"
"H\assets\sass\template\widgets\_widget-sidebar.scss","27843","27.19","2026-06-24 13:19:40","SOURCE"
"H\assets\sass\utilities\_animation.scss","14017","13.69","2026-06-24 13:19:40","SOURCE"
"H\assets\sass\utilities\_background.scss","1798","1.76","2026-06-24 13:19:40","SOURCE"
"H\assets\sass\utilities\_btns.scss","10109","9.87","2026-06-24 13:19:40","SOURCE"
"H\assets\sass\utilities\_common.scss","5794","5.66","2026-06-24 13:19:40","SOURCE"
"H\assets\sass\utilities\_font.scss","457","0.45","2026-06-24 13:19:40","SOURCE"
"H\assets\sass\utilities\_overlay.scss","670","0.65","2026-06-24 13:19:40","SOURCE"
"H\assets\sass\utilities\_preloader.scss","2512","2.45","2026-06-24 13:19:40","SOURCE"
"H\assets\sass\utilities\_text-color.scss","272","0.27","2026-06-24 13:19:40","SOURCE"
"H\assets\sass\utilities\_titles.scss","4183","4.08","2026-06-24 13:19:40","SOURCE"
"incentive.html","36590","35.73","2026-08-17 13:52:11","SOURCE"
"index.html","81246","79.34","2026-08-19 12:34:06","SOURCE"
"mail.php","1265","1.24","2026-08-04 16:18:55","SOURCE"
"mice-event.html","36382","35.53","2026-08-17 13:52:23","SOURCE"
"my-account.html","50467","49.28","2026-08-04 11:26:56","SOURCE"
"offsite-events.html","36028","35.18","2026-08-17 13:52:35","SOURCE"
"our-services.html","66562","65","2026-08-19 12:34:52","SOURCE"
"seo-migration\_deploy\public_html\.htaccess","9214","9","2026-08-21 15:22:35","STAGING"
"seo-migration\_deploy\public_html\404.html","2991","2.92","2026-08-21 15:23:35","STAGING"
"seo-migration\_deploy\public_html\about-company\index.html","88538","86.46","2026-08-21 15:46:03","STAGING"
"seo-migration\_deploy\public_html\adventure-group\index.html","37150","36.28","2026-08-21 15:46:04","STAGING"
"seo-migration\_deploy\public_html\assets\css.zip","415531","405.79","2026-08-04 11:26:56","STAGING"
"seo-migration\_deploy\public_html\assets\css\app.min.css","221692","216.5","2026-08-04 11:26:57","STAGING"
"seo-migration\_deploy\public_html\assets\css\bootstrap.min.css","194246","189.69","2026-08-04 11:26:57","STAGING"
"seo-migration\_deploy\public_html\assets\css\fontawesome.min.css","454857","444.2","2026-08-04 11:26:57","STAGING"
"seo-migration\_deploy\public_html\assets\css\magnific-popup.min.css","5272","5.15","2026-08-04 11:26:57","STAGING"
"seo-migration\_deploy\public_html\assets\css\site-fixes.css","19649","19.19","2026-08-04 11:26:57","STAGING"
"seo-migration\_deploy\public_html\assets\css\style.css","654882","639.53","2026-08-04 11:26:57","STAGING"
"seo-migration\_deploy\public_html\assets\css\style.css.map","275481","269.02","2026-08-04 11:26:57","STAGING"
"seo-migration\_deploy\public_html\assets\css\swiper-bundle.min.css","22140","21.62","2026-08-04 11:26:57","STAGING"
"seo-migration\_deploy\public_html\assets\fonts\fontawesome\brands.svg","475910","464.76","2026-08-04 11:26:57","STAGING"
"seo-migration\_deploy\public_html\assets\fonts\fontawesome\duotone.svg","2855020","2788.11","2026-08-04 11:26:57","STAGING"
"seo-migration\_deploy\public_html\assets\fonts\fontawesome\fa-brands-400.eot","133034","129.92","2026-08-04 11:26:57","STAGING"
"seo-migration\_deploy\public_html\assets\fonts\fontawesome\fa-brands-400.ttf","181500","177.25","2026-08-04 11:26:57","STAGING"
"seo-migration\_deploy\public_html\assets\fonts\fontawesome\fa-brands-400.woff","89824","87.72","2026-08-04 11:26:57","STAGING"
"seo-migration\_deploy\public_html\assets\fonts\fontawesome\fa-brands-400.woff2","105252","102.79","2026-08-04 11:26:57","STAGING"
"seo-migration\_deploy\public_html\assets\fonts\fontawesome\fa-duotone-900.eot","572078","558.67","2026-08-04 11:26:57","STAGING"
"seo-migration\_deploy\public_html\assets\fonts\fontawesome\fa-duotone-900.ttf","1119916","1093.67","2026-08-04 11:26:57","STAGING"
"seo-migration\_deploy\public_html\assets\fonts\fontawesome\fa-duotone-900.woff","268072","261.79","2026-08-04 11:26:57","STAGING"
"seo-migration\_deploy\public_html\assets\fonts\fontawesome\fa-duotone-900.woff2","399412","390.05","2026-08-04 11:26:57","STAGING"
"seo-migration\_deploy\public_html\assets\fonts\fontawesome\fa-light-300.eot","495342","483.73","2026-08-04 11:26:57","STAGING"
"seo-migration\_deploy\public_html\assets\fonts\fontawesome\fa-light-300.ttf","986976","963.84","2026-08-04 11:26:57","STAGING"
"seo-migration\_deploy\public_html\assets\fonts\fontawesome\fa-light-300.woff","252876","246.95","2026-08-04 11:26:57","STAGING"
"seo-migration\_deploy\public_html\assets\fonts\fontawesome\fa-light-300.woff2","388560","379.45","2026-08-04 11:26:58","STAGING"
"seo-migration\_deploy\public_html\assets\fonts\fontawesome\fa-regular-400.eot","455974","445.29","2026-08-04 11:26:58","STAGING"
"seo-migration\_deploy\public_html\assets\fonts\fontawesome\fa-regular-400.ttf","879176","858.57","2026-08-04 11:26:58","STAGING"
"seo-migration\_deploy\public_html\assets\fonts\fontawesome\fa-regular-400.woff","231248","225.83","2026-08-04 11:26:58","STAGING"
"seo-migration\_deploy\public_html\assets\fonts\fontawesome\fa-regular-400.woff2","354424","346.12","2026-08-04 11:26:58","STAGING"
"seo-migration\_deploy\public_html\assets\fonts\fontawesome\fa-solid-900.eot","388846","379.73","2026-08-04 11:26:58","STAGING"
"seo-migration\_deploy\public_html\assets\fonts\fontawesome\fa-solid-900.ttf","775600","757.42","2026-08-04 11:26:58","STAGING"
"seo-migration\_deploy\public_html\assets\fonts\fontawesome\fa-solid-900.woff","188716","184.29","2026-08-04 11:26:58","STAGING"
"seo-migration\_deploy\public_html\assets\fonts\fontawesome\fa-solid-900.woff2","301680","294.61","2026-08-04 11:26:58","STAGING"
"seo-migration\_deploy\public_html\assets\fonts\fontawesome\fa-thin-100.ttf","1086840","1061.37","2026-08-04 11:26:58","STAGING"
"seo-migration\_deploy\public_html\assets\fonts\fontawesome\fa-thin-100.woff2","425296","415.33","2026-08-04 11:26:58","STAGING"
"seo-migration\_deploy\public_html\assets\fonts\fontawesome\fa-v4compatibility.ttf","10552","10.3","2026-08-04 11:26:58","STAGING"
"seo-migration\_deploy\public_html\assets\fonts\fontawesome\fa-v4compatibility.woff2","5004","4.89","2026-08-04 11:26:58","STAGING"
"seo-migration\_deploy\public_html\assets\fonts\fontawesome\light.svg","3087021","3014.67","2026-08-04 11:26:58","STAGING"
"seo-migration\_deploy\public_html\assets\fonts\fontawesome\regular.svg","2706462","2643.03","2026-08-04 11:26:58","STAGING"
"seo-migration\_deploy\public_html\assets\fonts\fontawesome\solid.svg","2269925","2216.72","2026-08-04 11:26:58","STAGING"
"seo-migration\_deploy\public_html\assets\fonts\fontawesome\thin.svg","3452052","3371.14","2026-08-04 11:26:58","STAGING"
"seo-migration\_deploy\public_html\assets\img\01.png","2025","1.98","2026-08-04 11:26:58","STAGING"
"seo-migration\_deploy\public_html\assets\img\1.png","144387","141","2026-08-04 11:27:19","STAGING"
"seo-migration\_deploy\public_html\assets\img\2.png","140186","136.9","2026-08-04 11:27:19","STAGING"
"seo-migration\_deploy\public_html\assets\img\3.png","147822","144.36","2026-08-04 11:27:19","STAGING"
"seo-migration\_deploy\public_html\assets\img\4.png","108561","106.02","2026-08-04 11:27:19","STAGING"
"seo-migration\_deploy\public_html\assets\img\5.png","128240","125.23","2026-08-04 11:27:19","STAGING"
"seo-migration\_deploy\public_html\assets\img\6.png","166305","162.41","2026-08-04 11:27:19","STAGING"
"seo-migration\_deploy\public_html\assets\img\about banner.png","610785","596.47","2026-08-04 11:27:19","STAGING"
"seo-migration\_deploy\public_html\assets\img\about travel event.png","286814","280.09","2026-08-04 11:27:19","STAGING"
"seo-migration\_deploy\public_html\assets\img\about travel meeting.png","276432","269.95","2026-08-04 11:27:19","STAGING"
"seo-migration\_deploy\public_html\assets\img\about travel mice.png","325343","317.72","2026-08-04 11:27:19","STAGING"
"seo-migration\_deploy\public_html\assets\img\adventure travel.png","729913","712.81","2026-08-04 11:27:20","STAGING"
"seo-migration\_deploy\public_html\assets\img\Amit Tyagi.png","99952","97.61","2026-08-19 11:52:14","STAGING"
"seo-migration\_deploy\public_html\assets\img\bg\about_bg_1.jpg","14124","13.79","2026-08-04 11:26:59","STAGING"
"seo-migration\_deploy\public_html\assets\img\bg\about_bg_2.jpg","16256","15.88","2026-08-04 11:26:59","STAGING"
"seo-migration\_deploy\public_html\assets\img\bg\breadcumb-bg.jpg","8668","8.46","2026-08-04 11:26:59","STAGING"
"seo-migration\_deploy\public_html\assets\img\bg\category_bg_1.png","12637","12.34","2026-08-04 11:26:59","STAGING"
"seo-migration\_deploy\public_html\assets\img\bg\contact_bg_1.jpg","11415","11.15","2026-08-04 11:26:59","STAGING"
"seo-migration\_deploy\public_html\assets\img\bg\contact_bg_2.jpg","14214","13.88","2026-08-04 11:26:59","STAGING"
"seo-migration\_deploy\public_html\assets\img\bg\contact_bg_3.jpg","10849","10.59","2026-08-04 11:26:59","STAGING"
"seo-migration\_deploy\public_html\assets\img\bg\contact_bg_5.jpg","10948","10.69","2026-08-04 11:26:59","STAGING"
"seo-migration\_deploy\public_html\assets\img\bg\contact_bg_6.jpg","12084","11.8","2026-08-04 11:26:59","STAGING"
"seo-migration\_deploy\public_html\assets\img\bg\contact_bg_7.jpg","10948","10.69","2026-08-04 11:26:59","STAGING"
"seo-migration\_deploy\public_html\assets\img\bg\copyright_bg_1.jpg","4435","4.33","2026-08-04 11:26:59","STAGING"
"seo-migration\_deploy\public_html\assets\img\bg\cta_bg_1.png","11354","11.09","2026-08-04 11:26:59","STAGING"
"seo-migration\_deploy\public_html\assets\img\bg\cta_bg_2.jpg","10954","10.7","2026-08-04 11:26:59","STAGING"
"seo-migration\_deploy\public_html\assets\img\bg\destination_bg_1.png","10934","10.68","2026-08-04 11:26:59","STAGING"
"seo-migration\_deploy\public_html\assets\img\bg\footer_bg_1.jpg","10313","10.07","2026-08-04 11:26:59","STAGING"
"seo-migration\_deploy\public_html\assets\img\bg\footer_bg-2.png","15314","14.96","2026-08-04 11:26:59","STAGING"
"seo-migration\_deploy\public_html\assets\img\bg\gallery_bg_1.jpg","11267","11","2026-08-04 11:26:59","STAGING"
"seo-migration\_deploy\public_html\assets\img\bg\hero_bg_4_1.png","14802","14.46","2026-08-04 11:26:59","STAGING"
"seo-migration\_deploy\public_html\assets\img\bg\hero_bg_5_1.png","15158","14.8","2026-08-04 11:26:59","STAGING"
"seo-migration\_deploy\public_html\assets\img\bg\hero_bg_6_1.png","14719","14.37","2026-08-04 11:27:00","STAGING"
"seo-migration\_deploy\public_html\assets\img\bg\hero_bg_7_1.jpg","13814","13.49","2026-08-04 11:27:00","STAGING"
"seo-migration\_deploy\public_html\assets\img\bg\hero_bg_8_1.png","14735","14.39","2026-08-04 11:27:00","STAGING"
"seo-migration\_deploy\public_html\assets\img\bg\homepage baner.png","2135927","2085.87","2026-08-04 11:27:22","STAGING"
"seo-migration\_deploy\public_html\assets\img\bg\line-pattern.png","14677","14.33","2026-08-04 11:27:00","STAGING"
"seo-migration\_deploy\public_html\assets\img\bg\line-pattern2.png","13427","13.11","2026-08-04 11:27:00","STAGING"
"seo-migration\_deploy\public_html\assets\img\bg\line-pattern3.png","14227","13.89","2026-08-04 11:27:00","STAGING"
"seo-migration\_deploy\public_html\assets\img\bg\map.png","7712","7.53","2026-08-04 11:27:00","STAGING"
"seo-migration\_deploy\public_html\assets\img\bg\shape_bg_1.png","16814","16.42","2026-08-04 11:27:00","STAGING"
"seo-migration\_deploy\public_html\assets\img\bg\subscribe cta.png","95303","93.07","2026-08-04 11:27:00","STAGING"
"seo-migration\_deploy\public_html\assets\img\bg\subscribe_bg_1.png","10210","9.97","2026-08-04 11:27:00","STAGING"
"seo-migration\_deploy\public_html\assets\img\bg\subscribe-cta.png","10215","9.98","2026-08-04 11:27:00","STAGING"
"seo-migration\_deploy\public_html\assets\img\bg\team_bg_1.png","15626","15.26","2026-08-04 11:27:00","STAGING"
"seo-migration\_deploy\public_html\assets\img\bg\team_bg_2.jpg","9356","9.14","2026-08-04 11:27:00","STAGING"
"seo-migration\_deploy\public_html\assets\img\bg\testi_bg_1.jpg","12919","12.62","2026-08-04 11:27:00","STAGING"
"seo-migration\_deploy\public_html\assets\img\bg\tour_bg_1.jpg","11001","10.74","2026-08-04 11:27:00","STAGING"
"seo-migration\_deploy\public_html\assets\img\bg\tour_bg_2.jpg","11267","11","2026-08-04 11:27:00","STAGING"
"seo-migration\_deploy\public_html\assets\img\bg\tour_bg_3.jpg","9356","9.14","2026-08-04 11:27:00","STAGING"
"seo-migration\_deploy\public_html\assets\img\bg\video_bg_1.jpg","13525","13.21","2026-08-04 11:27:00","STAGING"
"seo-migration\_deploy\public_html\assets\img\bg\widget_bg_1.jpg","2610","2.55","2026-08-04 11:27:00","STAGING"
"seo-migration\_deploy\public_html\assets\img\bhavna.png","85485","83.48","2026-08-19 11:52:14","STAGING"
"seo-migration\_deploy\public_html\assets\img\BLOG BANNER.png","1198388","1170.3","2026-08-04 11:27:20","STAGING"
"seo-migration\_deploy\public_html\assets\img\blog\blog_1_1.jpg","1987","1.94","2026-08-04 11:27:00","STAGING"
"seo-migration\_deploy\public_html\assets\img\blog\blog_1_2.jpg","1987","1.94","2026-08-04 11:27:00","STAGING"
"seo-migration\_deploy\public_html\assets\img\blog\blog_1_3.jpg","1987","1.94","2026-08-04 11:27:00","STAGING"
"seo-migration\_deploy\public_html\assets\img\blog\blog_10_1.jpg","1987","1.94","2026-08-04 11:27:00","STAGING"
"seo-migration\_deploy\public_html\assets\img\blog\blog_10_2.jpg","1987","1.94","2026-08-04 11:27:00","STAGING"
"seo-migration\_deploy\public_html\assets\img\blog\blog_10_3.jpg","1987","1.94","2026-08-04 11:27:00","STAGING"
"seo-migration\_deploy\public_html\assets\img\blog\blog_2_1.jpg","1987","1.94","2026-08-04 11:27:00","STAGING"
"seo-migration\_deploy\public_html\assets\img\blog\blog_2_2.jpg","1987","1.94","2026-08-04 11:27:00","STAGING"
"seo-migration\_deploy\public_html\assets\img\blog\blog_2_3.jpg","1987","1.94","2026-08-04 11:27:00","STAGING"
"seo-migration\_deploy\public_html\assets\img\blog\blog_3_1.jpg","1789","1.75","2026-08-04 11:27:00","STAGING"
"seo-migration\_deploy\public_html\assets\img\blog\blog_3_2.jpg","1675","1.64","2026-08-04 11:27:00","STAGING"
"seo-migration\_deploy\public_html\assets\img\blog\blog_3_3.jpg","1675","1.64","2026-08-04 11:27:00","STAGING"
"seo-migration\_deploy\public_html\assets\img\blog\blog_4_1.jpg","1928","1.88","2026-08-04 11:27:00","STAGING"
"seo-migration\_deploy\public_html\assets\img\blog\blog_4_2.jpg","1989","1.94","2026-08-04 11:27:00","STAGING"
"seo-migration\_deploy\public_html\assets\img\blog\blog_4_3.jpg","1989","1.94","2026-08-04 11:27:00","STAGING"
"seo-migration\_deploy\public_html\assets\img\blog\blog_5_1.jpg","1692","1.65","2026-08-04 11:27:00","STAGING"
"seo-migration\_deploy\public_html\assets\img\blog\blog_5_2.jpg","1692","1.65","2026-08-04 11:27:00","STAGING"
"seo-migration\_deploy\public_html\assets\img\blog\blog_5_3.jpg","2174","2.12","2026-08-04 11:27:00","STAGING"
"seo-migration\_deploy\public_html\assets\img\blog\blog_6_1.jpg","1987","1.94","2026-08-04 11:27:00","STAGING"
"seo-migration\_deploy\public_html\assets\img\blog\blog_6_2.jpg","1987","1.94","2026-08-04 11:27:00","STAGING"
"seo-migration\_deploy\public_html\assets\img\blog\blog_6_3.jpg","1987","1.94","2026-08-04 11:27:01","STAGING"
"seo-migration\_deploy\public_html\assets\img\blog\blog_7_1.jpg","2150","2.1","2026-08-04 11:27:01","STAGING"
"seo-migration\_deploy\public_html\assets\img\blog\blog_7_2.jpg","1978","1.93","2026-08-04 11:27:01","STAGING"
"seo-migration\_deploy\public_html\assets\img\blog\blog_7_3.jpg","1978","1.93","2026-08-04 11:27:01","STAGING"
"seo-migration\_deploy\public_html\assets\img\blog\blog_8_1.jpg","2243","2.19","2026-08-04 11:27:01","STAGING"
"seo-migration\_deploy\public_html\assets\img\blog\blog_8_2.jpg","1656","1.62","2026-08-04 11:27:01","STAGING"
"seo-migration\_deploy\public_html\assets\img\blog\blog_8_3.jpg","1675","1.64","2026-08-04 11:27:01","STAGING"
"seo-migration\_deploy\public_html\assets\img\blog\blog_9_1.jpg","1404","1.37","2026-08-04 11:27:01","STAGING"
"seo-migration\_deploy\public_html\assets\img\blog\blog_9_2.jpg","1404","1.37","2026-08-04 11:27:01","STAGING"
"seo-migration\_deploy\public_html\assets\img\blog\blog_9_3.jpg","1404","1.37","2026-08-04 11:27:01","STAGING"
"seo-migration\_deploy\public_html\assets\img\blog\blog_inner_1.jpg","5977","5.84","2026-08-04 11:27:01","STAGING"
"seo-migration\_deploy\public_html\assets\img\blog\blog-s-1-1.jpg","6143","6","2026-08-04 11:27:00","STAGING"
"seo-migration\_deploy\public_html\assets\img\blog\blog-s-1-2.jpg","6143","6","2026-08-04 11:27:00","STAGING"
"seo-migration\_deploy\public_html\assets\img\blog\blog-s-1-3.jpg","6143","6","2026-08-04 11:27:00","STAGING"
"seo-migration\_deploy\public_html\assets\img\blog\blog-s-1-4.jpg","6143","6","2026-08-04 11:27:00","STAGING"
"seo-migration\_deploy\public_html\assets\img\blog\comment-author-1.jpg","726","0.71","2026-08-04 11:27:01","STAGING"
"seo-migration\_deploy\public_html\assets\img\blog\comment-author-2.jpg","726","0.71","2026-08-04 11:27:01","STAGING"
"seo-migration\_deploy\public_html\assets\img\blog\comment-author-3.jpg","726","0.71","2026-08-04 11:27:01","STAGING"
"seo-migration\_deploy\public_html\assets\img\blog\comment-author-4.jpg","737","0.72","2026-08-04 11:27:01","STAGING"
"seo-migration\_deploy\public_html\assets\img\blog\comment-author-5.jpg","737","0.72","2026-08-04 11:27:01","STAGING"
"seo-migration\_deploy\public_html\assets\img\blog\recent-post-1-1.jpg","726","0.71","2026-08-04 11:27:01","STAGING"
"seo-migration\_deploy\public_html\assets\img\blog\recent-post-1-2.jpg","726","0.71","2026-08-04 11:27:01","STAGING"
"seo-migration\_deploy\public_html\assets\img\blog\recent-post-1-3.jpg","726","0.71","2026-08-04 11:27:01","STAGING"
"seo-migration\_deploy\public_html\assets\img\brand\1.png","12858","12.56","2026-08-04 11:27:01","STAGING"
"seo-migration\_deploy\public_html\assets\img\brand\10.png","11596","11.32","2026-08-04 11:27:01","STAGING"
"seo-migration\_deploy\public_html\assets\img\brand\2.png","11622","11.35","2026-08-04 11:27:01","STAGING"
"seo-migration\_deploy\public_html\assets\img\brand\3.png","9257","9.04","2026-08-04 11:27:01","STAGING"
"seo-migration\_deploy\public_html\assets\img\brand\4.png","12586","12.29","2026-08-04 11:27:01","STAGING"
"seo-migration\_deploy\public_html\assets\img\brand\5.png","13619","13.3","2026-08-04 11:27:01","STAGING"
"seo-migration\_deploy\public_html\assets\img\brand\6.png","14462","14.12","2026-08-04 11:27:01","STAGING"
"seo-migration\_deploy\public_html\assets\img\brand\7.png","14522","14.18","2026-08-04 11:27:01","STAGING"
"seo-migration\_deploy\public_html\assets\img\brand\8.png","8071","7.88","2026-08-04 11:27:01","STAGING"
"seo-migration\_deploy\public_html\assets\img\brand\9.png","7991","7.8","2026-08-04 11:27:01","STAGING"
"seo-migration\_deploy\public_html\assets\img\brand\brand_1_1.svg","52130","50.91","2026-08-04 11:27:01","STAGING"
"seo-migration\_deploy\public_html\assets\img\brand\brand_1_2.svg","66202","64.65","2026-08-04 11:27:01","STAGING"
"seo-migration\_deploy\public_html\assets\img\brand\brand_1_3.svg","52130","50.91","2026-08-04 11:27:01","STAGING"
"seo-migration\_deploy\public_html\assets\img\brand\brand_1_4.svg","64610","63.1","2026-08-04 11:27:01","STAGING"
"seo-migration\_deploy\public_html\assets\img\brand\brand_1_5.svg","60030","58.62","2026-08-04 11:27:01","STAGING"
"seo-migration\_deploy\public_html\assets\img\brand\brand_1_6.svg","64610","63.1","2026-08-04 11:27:01","STAGING"
"seo-migration\_deploy\public_html\assets\img\brand\brand_1_7.svg","66202","64.65","2026-08-04 11:27:01","STAGING"
"seo-migration\_deploy\public_html\assets\img\brand\brand_1_8.svg","61026","59.6","2026-08-04 11:27:01","STAGING"
"seo-migration\_deploy\public_html\assets\img\category\category_1_1.jpg","1887","1.84","2026-08-04 11:27:01","STAGING"
"seo-migration\_deploy\public_html\assets\img\category\category_1_2.jpg","1866","1.82","2026-08-04 11:27:01","STAGING"
"seo-migration\_deploy\public_html\assets\img\category\category_1_3.jpg","1890","1.85","2026-08-04 11:27:01","STAGING"
"seo-migration\_deploy\public_html\assets\img\category\category_1_4.jpg","1874","1.83","2026-08-04 11:27:01","STAGING"
"seo-migration\_deploy\public_html\assets\img\category\category_1_5.jpg","1887","1.84","2026-08-04 11:27:01","STAGING"
"seo-migration\_deploy\public_html\assets\img\category\category_10_1.jpg","1435","1.4","2026-08-04 11:27:01","STAGING"
"seo-migration\_deploy\public_html\assets\img\category\category_2_1.jpg","1881","1.84","2026-08-04 11:27:01","STAGING"
"seo-migration\_deploy\public_html\assets\img\category\category_2_2.jpg","1881","1.84","2026-08-04 11:27:01","STAGING"
"seo-migration\_deploy\public_html\assets\img\category\category_2_3.jpg","1881","1.84","2026-08-04 11:27:01","STAGING"
"seo-migration\_deploy\public_html\assets\img\category\category_2_4.jpg","1881","1.84","2026-08-04 11:27:02","STAGING"
"seo-migration\_deploy\public_html\assets\img\category\category_2_5.jpg","1881","1.84","2026-08-04 11:27:02","STAGING"
"seo-migration\_deploy\public_html\assets\img\category\category_3_1.jpg","1881","1.84","2026-08-04 11:27:02","STAGING"
"seo-migration\_deploy\public_html\assets\img\category\category_3_2.jpg","1881","1.84","2026-08-04 11:27:02","STAGING"
"seo-migration\_deploy\public_html\assets\img\category\category_3_3.jpg","1881","1.84","2026-08-04 11:27:02","STAGING"
"seo-migration\_deploy\public_html\assets\img\category\category_3_4.jpg","1881","1.84","2026-08-04 11:27:02","STAGING"
"seo-migration\_deploy\public_html\assets\img\category\category_3_5.jpg","1881","1.84","2026-08-04 11:27:02","STAGING"
"seo-migration\_deploy\public_html\assets\img\category\category_6_1.jpg","2065","2.02","2026-08-04 11:27:02","STAGING"
"seo-migration\_deploy\public_html\assets\img\category\category_6_2.jpg","2065","2.02","2026-08-04 11:27:02","STAGING"
"seo-migration\_deploy\public_html\assets\img\category\category_6_3.jpg","2065","2.02","2026-08-04 11:27:02","STAGING"
"seo-migration\_deploy\public_html\assets\img\category\category_6_4.jpg","1881","1.84","2026-08-04 11:27:02","STAGING"
"seo-migration\_deploy\public_html\assets\img\category\category_6_5.jpg","2065","2.02","2026-08-04 11:27:02","STAGING"
"seo-migration\_deploy\public_html\assets\img\category\category_6_6.jpg","2065","2.02","2026-08-04 11:27:02","STAGING"
"seo-migration\_deploy\public_html\assets\img\category\category_7_1.jpg","2065","2.02","2026-08-04 11:27:02","STAGING"
"seo-migration\_deploy\public_html\assets\img\category\category_7_2.jpg","2065","2.02","2026-08-04 11:27:02","STAGING"
"seo-migration\_deploy\public_html\assets\img\category\category_7_3.jpg","1881","1.84","2026-08-04 11:27:02","STAGING"
"seo-migration\_deploy\public_html\assets\img\category\category_7_4.jpg","2065","2.02","2026-08-04 11:27:02","STAGING"
"seo-migration\_deploy\public_html\assets\img\category\category_7_5.jpg","2065","2.02","2026-08-04 11:27:02","STAGING"
"seo-migration\_deploy\public_html\assets\img\category\category_7_6.jpg","2065","2.02","2026-08-04 11:27:02","STAGING"
"seo-migration\_deploy\public_html\assets\img\category\category_8_1.jpg","2065","2.02","2026-08-04 11:27:02","STAGING"
"seo-migration\_deploy\public_html\assets\img\category\category_8_2.jpg","2065","2.02","2026-08-04 11:27:02","STAGING"
"seo-migration\_deploy\public_html\assets\img\category\category_8_3.jpg","2065","2.02","2026-08-04 11:27:02","STAGING"
"seo-migration\_deploy\public_html\assets\img\category\category_8_4.jpg","1881","1.84","2026-08-04 11:27:02","STAGING"
"seo-migration\_deploy\public_html\assets\img\category\category_8_5.jpg","2065","2.02","2026-08-04 11:27:02","STAGING"
"seo-migration\_deploy\public_html\assets\img\category\category_8_6.jpg","2065","2.02","2026-08-04 11:27:02","STAGING"
"seo-migration\_deploy\public_html\assets\img\category\category_9_1.jpg","2065","2.02","2026-08-04 11:27:02","STAGING"
"seo-migration\_deploy\public_html\assets\img\category\category_9_2.jpg","2065","2.02","2026-08-04 11:27:02","STAGING"
"seo-migration\_deploy\public_html\assets\img\category\category_9_3.jpg","2065","2.02","2026-08-04 11:27:02","STAGING"
"seo-migration\_deploy\public_html\assets\img\category\category_9_4.jpg","1881","1.84","2026-08-04 11:27:02","STAGING"
"seo-migration\_deploy\public_html\assets\img\category\category_9_5.jpg","2065","2.02","2026-08-04 11:27:02","STAGING"
"seo-migration\_deploy\public_html\assets\img\category\category_9_6.jpg","2065","2.02","2026-08-04 11:27:02","STAGING"
"seo-migration\_deploy\public_html\assets\img\client collage image.png","468311","457.33","2026-08-01 13:04:39","STAGING"
"seo-migration\_deploy\public_html\assets\img\Client Collage.png","4918846","4803.56","2026-08-01 13:00:40","STAGING"
"seo-migration\_deploy\public_html\assets\img\conceirge travel desk.png","91918","89.76","2026-08-04 11:27:20","STAGING"
"seo-migration\_deploy\public_html\assets\img\conference 1.png","205285","200.47","2026-08-04 11:27:20","STAGING"
"seo-migration\_deploy\public_html\assets\img\CONFERENCE TRAVEL BANNNER (1).png","1189866","1161.98","2026-08-04 11:27:20","STAGING"
"seo-migration\_deploy\public_html\assets\img\conference.png","135626","132.45","2026-08-04 11:27:20","STAGING"
"seo-migration\_deploy\public_html\assets\img\Conferences and Events.png","756361","738.63","2026-08-04 11:27:20","STAGING"
"seo-migration\_deploy\public_html\assets\img\CORPORATE CELEBRATION BANNNER.png","1291303","1261.04","2026-08-04 11:27:20","STAGING"
"seo-migration\_deploy\public_html\assets\img\corporate celebration.png","417821","408.03","2026-08-04 11:27:20","STAGING"
"seo-migration\_deploy\public_html\assets\img\corporate mice.png","121701","118.85","2026-08-04 11:27:20","STAGING"
"seo-migration\_deploy\public_html\assets\img\corporate travel 1 .png","548623","535.76","2026-08-04 11:27:20","STAGING"
"seo-migration\_deploy\public_html\assets\img\CORPORATE TRAVEL BANNNER.png","1082979","1057.6","2026-08-04 11:27:20","STAGING"
"seo-migration\_deploy\public_html\assets\img\dalmia logo.png","10997","10.74","2026-08-19 12:16:19","STAGING"
"seo-migration\_deploy\public_html\assets\img\DESTINATION TRAVEL BANNNER (1).png","1377137","1344.86","2026-08-04 11:27:20","STAGING"
"seo-migration\_deploy\public_html\assets\img\destination travel.png","644992","629.88","2026-08-04 11:27:20","STAGING"
"seo-migration\_deploy\public_html\assets\img\destination\destination_1_1.jpg","1929","1.88","2026-08-04 11:27:02","STAGING"
"seo-migration\_deploy\public_html\assets\img\destination\destination_1_2.jpg","2500","2.44","2026-08-04 11:27:02","STAGING"
"seo-migration\_deploy\public_html\assets\img\destination\destination_1_3.jpg","2750","2.69","2026-08-04 11:27:02","STAGING"
"seo-migration\_deploy\public_html\assets\img\destination\destination_1_4.jpg","2500","2.44","2026-08-04 11:27:02","STAGING"
"seo-migration\_deploy\public_html\assets\img\destination\destination_1_5.jpg","1929","1.88","2026-08-04 11:27:02","STAGING"
"seo-migration\_deploy\public_html\assets\img\destination\destination_2_1.jpg","3538","3.46","2026-08-04 11:27:02","STAGING"
"seo-migration\_deploy\public_html\assets\img\destination\destination_2_2.jpg","3538","3.46","2026-08-04 11:27:02","STAGING"
"seo-migration\_deploy\public_html\assets\img\destination\destination_2_3.jpg","3538","3.46","2026-08-04 11:27:02","STAGING"
"seo-migration\_deploy\public_html\assets\img\destination\destination_2_4.jpg","3538","3.46","2026-08-04 11:27:02","STAGING"
"seo-migration\_deploy\public_html\assets\img\destination\destination_3_1.jpg","1819","1.78","2026-08-04 11:27:02","STAGING"
"seo-migration\_deploy\public_html\assets\img\destination\destination_3_2.jpg","1819","1.78","2026-08-04 11:27:02","STAGING"
"seo-migration\_deploy\public_html\assets\img\destination\destination_3_3.jpg","1819","1.78","2026-08-04 11:27:02","STAGING"
"seo-migration\_deploy\public_html\assets\img\destination\destination_3_4.jpg","1819","1.78","2026-08-04 11:27:02","STAGING"
"seo-migration\_deploy\public_html\assets\img\destination\destination_4_1.jpg","1819","1.78","2026-08-04 11:27:02","STAGING"
"seo-migration\_deploy\public_html\assets\img\destination\destination_4_2.jpg","1819","1.78","2026-08-04 11:27:02","STAGING"
"seo-migration\_deploy\public_html\assets\img\destination\destination_4_3.jpg","1819","1.78","2026-08-04 11:27:03","STAGING"
"seo-migration\_deploy\public_html\assets\img\destination\destination_4_4.jpg","1819","1.78","2026-08-04 11:27:03","STAGING"
"seo-migration\_deploy\public_html\assets\img\destination\destination_4_5.jpg","1819","1.78","2026-08-04 11:27:03","STAGING"
"seo-migration\_deploy\public_html\assets\img\destination\destination_4_6.jpg","1819","1.78","2026-08-04 11:27:03","STAGING"
"seo-migration\_deploy\public_html\assets\img\destination\destination_4_7.jpg","1819","1.78","2026-08-04 11:27:03","STAGING"
"seo-migration\_deploy\public_html\assets\img\destination\destination_4_8.jpg","1819","1.78","2026-08-04 11:27:03","STAGING"
"seo-migration\_deploy\public_html\assets\img\destination\destination_5_1.jpg","3538","3.46","2026-08-04 11:27:03","STAGING"
"seo-migration\_deploy\public_html\assets\img\destination\destination_5_2.jpg","3538","3.46","2026-08-04 11:27:03","STAGING"
"seo-migration\_deploy\public_html\assets\img\destination\destination_5_3.jpg","3538","3.46","2026-08-04 11:27:03","STAGING"
"seo-migration\_deploy\public_html\assets\img\destination\destination_6_1.jpg","1688","1.65","2026-08-04 11:27:03","STAGING"
"seo-migration\_deploy\public_html\assets\img\destination\destination_6_2.jpg","2112","2.06","2026-08-04 11:27:03","STAGING"
"seo-migration\_deploy\public_html\assets\img\destination\destination_6_3.jpg","2593","2.53","2026-08-04 11:27:03","STAGING"
"seo-migration\_deploy\public_html\assets\img\destination\destination_6_4.jpg","1849","1.81","2026-08-04 11:27:03","STAGING"
"seo-migration\_deploy\public_html\assets\img\destination\destination_6_5.jpg","1688","1.65","2026-08-04 11:27:03","STAGING"
"seo-migration\_deploy\public_html\assets\img\destination\destination_7_1.jpg","2746","2.68","2026-08-04 11:27:03","STAGING"
"seo-migration\_deploy\public_html\assets\img\destination\destination_7_2.jpg","2746","2.68","2026-08-04 11:27:03","STAGING"
"seo-migration\_deploy\public_html\assets\img\destination\destination_7_3.jpg","2746","2.68","2026-08-04 11:27:03","STAGING"
"seo-migration\_deploy\public_html\assets\img\destination\destination_8_1.jpg","1974","1.93","2026-08-04 11:27:03","STAGING"
"seo-migration\_deploy\public_html\assets\img\destination\destination_8_2.jpg","6959","6.8","2026-08-04 11:27:03","STAGING"
"seo-migration\_deploy\public_html\assets\img\destination\destination_8_3.jpg","2388","2.33","2026-08-04 11:27:03","STAGING"
"seo-migration\_deploy\public_html\assets\img\destination\destination_9_1.jpg","2046","2","2026-08-04 11:27:03","STAGING"
"seo-migration\_deploy\public_html\assets\img\destination\destination_9_2.jpg","2046","2","2026-08-04 11:27:03","STAGING"
"seo-migration\_deploy\public_html\assets\img\destination\destination_9_3.jpg","2046","2","2026-08-04 11:27:03","STAGING"
"seo-migration\_deploy\public_html\assets\img\destination\destination_9_4.jpg","2046","2","2026-08-04 11:27:03","STAGING"
"seo-migration\_deploy\public_html\assets\img\destination\destination-details.jpg","6500","6.35","2026-08-04 11:27:02","STAGING"
"seo-migration\_deploy\public_html\assets\img\destination\destination-inner-1.jpg","5977","5.84","2026-08-04 11:27:02","STAGING"
"seo-migration\_deploy\public_html\assets\img\destination\shape.png","3212","3.14","2026-08-04 11:27:03","STAGING"
"seo-migration\_deploy\public_html\assets\img\event 1.png","223166","217.94","2026-08-04 11:27:20","STAGING"
"seo-migration\_deploy\public_html\assets\img\event.png","197340","192.71","2026-08-04 11:27:20","STAGING"
"seo-migration\_deploy\public_html\assets\img\executive retrets.png","136701","133.5","2026-08-04 11:27:20","STAGING"
"seo-migration\_deploy\public_html\assets\img\favicons\android-chrome-512x512.png","25417","24.82","2026-08-04 11:27:03","STAGING"
"seo-migration\_deploy\public_html\assets\img\favicons\android-icon-144x144.png","6705","6.55","2026-08-04 11:27:03","STAGING"
"seo-migration\_deploy\public_html\assets\img\favicons\android-icon-192x192.png","7843","7.66","2026-08-04 11:27:03","STAGING"
"seo-migration\_deploy\public_html\assets\img\favicons\android-icon-36x36.png","1754","1.71","2026-08-04 11:27:03","STAGING"
"seo-migration\_deploy\public_html\assets\img\favicons\android-icon-48x48.png","2205","2.15","2026-08-04 11:27:03","STAGING"
"seo-migration\_deploy\public_html\assets\img\favicons\android-icon-72x72.png","3333","3.25","2026-08-04 11:27:03","STAGING"
"seo-migration\_deploy\public_html\assets\img\favicons\android-icon-96x96.png","4406","4.3","2026-08-04 11:27:03","STAGING"
"seo-migration\_deploy\public_html\assets\img\favicons\apple-icon.png","8364","8.17","2026-08-04 11:27:03","STAGING"
"seo-migration\_deploy\public_html\assets\img\favicons\apple-icon-114x114.png","5250","5.13","2026-08-04 11:27:03","STAGING"
"seo-migration\_deploy\public_html\assets\img\favicons\apple-icon-120x120.png","5453","5.33","2026-08-04 11:27:03","STAGING"
"seo-migration\_deploy\public_html\assets\img\favicons\apple-icon-144x144.png","6705","6.55","2026-08-04 11:27:03","STAGING"
"seo-migration\_deploy\public_html\assets\img\favicons\apple-icon-152x152.png","7146","6.98","2026-08-04 11:27:03","STAGING"
"seo-migration\_deploy\public_html\assets\img\favicons\apple-icon-180x180.png","8699","8.5","2026-08-04 11:27:03","STAGING"
"seo-migration\_deploy\public_html\assets\img\favicons\apple-icon-57x57.png","2375","2.32","2026-08-04 11:27:03","STAGING"
"seo-migration\_deploy\public_html\assets\img\favicons\apple-icon-60x60.png","2440","2.38","2026-08-04 11:27:03","STAGING"
"seo-migration\_deploy\public_html\assets\img\favicons\apple-icon-72x72.png","3333","3.25","2026-08-04 11:27:03","STAGING"
"seo-migration\_deploy\public_html\assets\img\favicons\apple-icon-76x76.png","3489","3.41","2026-08-04 11:27:03","STAGING"
"seo-migration\_deploy\public_html\assets\img\favicons\apple-icon-precomposed.png","8364","8.17","2026-08-04 11:27:03","STAGING"
"seo-migration\_deploy\public_html\assets\img\favicons\browserconfig.xml","281","0.27","2026-08-04 11:27:04","STAGING"
"seo-migration\_deploy\public_html\assets\img\favicons\favicon.ico","1150","1.12","2026-08-04 11:27:04","STAGING"
"seo-migration\_deploy\public_html\assets\img\favicons\favicon.png","1100","1.07","2026-08-04 11:27:04","STAGING"
"seo-migration\_deploy\public_html\assets\img\favicons\favicon-16x16.png","1100","1.07","2026-08-04 11:27:04","STAGING"
"seo-migration\_deploy\public_html\assets\img\favicons\favicon-32x32.png","1635","1.6","2026-08-04 11:27:04","STAGING"
"seo-migration\_deploy\public_html\assets\img\favicons\favicon-96x96.png","4406","4.3","2026-08-04 11:27:04","STAGING"
"seo-migration\_deploy\public_html\assets\img\favicons\manifest.json","720","0.7","2026-08-04 11:27:04","STAGING"
"seo-migration\_deploy\public_html\assets\img\favicons\ms-icon-144x144.png","6705","6.55","2026-08-04 11:27:04","STAGING"
"seo-migration\_deploy\public_html\assets\img\favicons\ms-icon-150x150.png","6976","6.81","2026-08-04 11:27:04","STAGING"
"seo-migration\_deploy\public_html\assets\img\favicons\ms-icon-310x310.png","19038","18.59","2026-08-04 11:27:04","STAGING"
"seo-migration\_deploy\public_html\assets\img\favicons\ms-icon-70x70.png","3255","3.18","2026-08-04 11:27:04","STAGING"
"seo-migration\_deploy\public_html\assets\img\flight hotel.png","104121","101.68","2026-08-04 11:27:20","STAGING"
"seo-migration\_deploy\public_html\assets\img\gallery\gallery_0_1.jpg","1715","1.67","2026-08-04 11:27:04","STAGING"
"seo-migration\_deploy\public_html\assets\img\gallery\gallery_1_1.jpg","6747","6.59","2026-08-04 11:27:04","STAGING"
"seo-migration\_deploy\public_html\assets\img\gallery\gallery_1_2.jpg","6314","6.17","2026-08-04 11:27:04","STAGING"
"seo-migration\_deploy\public_html\assets\img\gallery\gallery_1_3.jpg","6314","6.17","2026-08-04 11:27:04","STAGING"
"seo-migration\_deploy\public_html\assets\img\gallery\gallery_1_4.jpg","9205","8.99","2026-08-04 11:27:04","STAGING"
"seo-migration\_deploy\public_html\assets\img\gallery\gallery_1_5.jpg","6445","6.29","2026-08-04 11:27:04","STAGING"
"seo-migration\_deploy\public_html\assets\img\gallery\gallery_1_6.jpg","6445","6.29","2026-08-04 11:27:04","STAGING"
"seo-migration\_deploy\public_html\assets\img\gallery\gallery_1_7.jpg","6747","6.59","2026-08-04 11:27:04","STAGING"
"seo-migration\_deploy\public_html\assets\img\gallery\gallery_10_1.jpg","1520","1.48","2026-08-04 11:27:04","STAGING"
"seo-migration\_deploy\public_html\assets\img\gallery\gallery_10_2.jpg","1520","1.48","2026-08-04 11:27:04","STAGING"
"seo-migration\_deploy\public_html\assets\img\gallery\gallery_10_3.jpg","1520","1.48","2026-08-04 11:27:04","STAGING"
"seo-migration\_deploy\public_html\assets\img\gallery\gallery_10_4.jpg","1520","1.48","2026-08-04 11:27:04","STAGING"
"seo-migration\_deploy\public_html\assets\img\gallery\gallery_10_5.jpg","1520","1.48","2026-08-04 11:27:04","STAGING"
"seo-migration\_deploy\public_html\assets\img\gallery\gallery_10_6.jpg","1520","1.48","2026-08-04 11:27:04","STAGING"
"seo-migration\_deploy\public_html\assets\img\gallery\gallery_11_1.jpg","1715","1.67","2026-08-04 11:27:04","STAGING"
"seo-migration\_deploy\public_html\assets\img\gallery\gallery_11_2.jpg","2011","1.96","2026-08-04 11:27:04","STAGING"
"seo-migration\_deploy\public_html\assets\img\gallery\gallery_11_3.jpg","2011","1.96","2026-08-04 11:27:04","STAGING"
"seo-migration\_deploy\public_html\assets\img\gallery\gallery_11_4.jpg","1715","1.67","2026-08-04 11:27:04","STAGING"
"seo-migration\_deploy\public_html\assets\img\gallery\gallery_12_1.jpg","1520","1.48","2026-08-04 11:27:04","STAGING"
"seo-migration\_deploy\public_html\assets\img\gallery\gallery_12_2.jpg","1520","1.48","2026-08-04 11:27:04","STAGING"
"seo-migration\_deploy\public_html\assets\img\gallery\gallery_12_3.jpg","1520","1.48","2026-08-04 11:27:04","STAGING"
"seo-migration\_deploy\public_html\assets\img\gallery\gallery_12_4.jpg","1520","1.48","2026-08-04 11:27:04","STAGING"
"seo-migration\_deploy\public_html\assets\img\gallery\gallery_12_5.jpg","1520","1.48","2026-08-04 11:27:04","STAGING"
"seo-migration\_deploy\public_html\assets\img\gallery\gallery_12_6.jpg","1520","1.48","2026-08-04 11:27:04","STAGING"
"seo-migration\_deploy\public_html\assets\img\gallery\gallery_2_1.jpg","8774","8.57","2026-08-04 11:27:04","STAGING"
"seo-migration\_deploy\public_html\assets\img\gallery\gallery_2_2.jpg","15368","15.01","2026-08-04 11:27:04","STAGING"
"seo-migration\_deploy\public_html\assets\img\gallery\gallery_2_3.jpg","8889","8.68","2026-08-04 11:27:04","STAGING"
"seo-migration\_deploy\public_html\assets\img\gallery\gallery_2_4.jpg","8889","8.68","2026-08-04 11:27:04","STAGING"
"seo-migration\_deploy\public_html\assets\img\gallery\gallery_2_5.jpg","15368","15.01","2026-08-04 11:27:04","STAGING"
"seo-migration\_deploy\public_html\assets\img\gallery\gallery_2_6.jpg","8774","8.57","2026-08-04 11:27:04","STAGING"
"seo-migration\_deploy\public_html\assets\img\gallery\gallery_3_1.jpg","14764","14.42","2026-08-04 11:27:04","STAGING"
"seo-migration\_deploy\public_html\assets\img\gallery\gallery_3_2.jpg","9133","8.92","2026-08-04 11:27:04","STAGING"
"seo-migration\_deploy\public_html\assets\img\gallery\gallery_3_3.jpg","14678","14.33","2026-08-04 11:27:04","STAGING"
"seo-migration\_deploy\public_html\assets\img\gallery\gallery_3_4.jpg","9133","8.92","2026-08-04 11:27:04","STAGING"
"seo-migration\_deploy\public_html\assets\img\gallery\gallery_3_5.jpg","9133","8.92","2026-08-04 11:27:04","STAGING"
"seo-migration\_deploy\public_html\assets\img\gallery\gallery_3_6.jpg","9133","8.92","2026-08-04 11:27:05","STAGING"
"seo-migration\_deploy\public_html\assets\img\gallery\gallery_4_1.jpg","2365","2.31","2026-08-04 11:27:05","STAGING"
"seo-migration\_deploy\public_html\assets\img\gallery\gallery_4_2.jpg","2365","2.31","2026-08-04 11:27:05","STAGING"
"seo-migration\_deploy\public_html\assets\img\gallery\gallery_4_3.jpg","2365","2.31","2026-08-04 11:27:05","STAGING"
"seo-migration\_deploy\public_html\assets\img\gallery\gallery_4_4.jpg","2365","2.31","2026-08-04 11:27:05","STAGING"
"seo-migration\_deploy\public_html\assets\img\gallery\gallery_4_5.jpg","2365","2.31","2026-08-04 11:27:05","STAGING"
"seo-migration\_deploy\public_html\assets\img\gallery\gallery_5_1.jpg","1715","1.67","2026-08-04 11:27:05","STAGING"
"seo-migration\_deploy\public_html\assets\img\gallery\gallery_5_2.jpg","2011","1.96","2026-08-04 11:27:05","STAGING"
"seo-migration\_deploy\public_html\assets\img\gallery\gallery_5_3.jpg","2665","2.6","2026-08-04 11:27:05","STAGING"
"seo-migration\_deploy\public_html\assets\img\gallery\gallery_5_4.jpg","2011","1.96","2026-08-04 11:27:05","STAGING"
"seo-migration\_deploy\public_html\assets\img\gallery\gallery_5_5.jpg","1715","1.67","2026-08-04 11:27:05","STAGING"
"seo-migration\_deploy\public_html\assets\img\gallery\gallery_6_1.jpg","1715","1.67","2026-08-04 11:27:05","STAGING"
"seo-migration\_deploy\public_html\assets\img\gallery\gallery_6_2.jpg","2011","1.96","2026-08-04 11:27:05","STAGING"
"seo-migration\_deploy\public_html\assets\img\gallery\gallery_6_3.jpg","2011","1.96","2026-08-04 11:27:05","STAGING"
"seo-migration\_deploy\public_html\assets\img\gallery\gallery_6_4.jpg","1715","1.67","2026-08-04 11:27:05","STAGING"
"seo-migration\_deploy\public_html\assets\img\gallery\gallery_7_1.jpg","1881","1.84","2026-08-04 11:27:05","STAGING"
"seo-migration\_deploy\public_html\assets\img\gallery\gallery_7_2.jpg","1881","1.84","2026-08-04 11:27:05","STAGING"
"seo-migration\_deploy\public_html\assets\img\gallery\gallery_7_3.jpg","2525","2.47","2026-08-04 11:27:05","STAGING"
"seo-migration\_deploy\public_html\assets\img\gallery\gallery_7_4.jpg","2525","2.47","2026-08-04 11:27:05","STAGING"
"seo-migration\_deploy\public_html\assets\img\gallery\gallery_7_5.jpg","1881","1.84","2026-08-04 11:27:05","STAGING"
"seo-migration\_deploy\public_html\assets\img\gallery\gallery_7_6.jpg","1881","1.84","2026-08-04 11:27:05","STAGING"
"seo-migration\_deploy\public_html\assets\img\gallery\gallery_7_7.jpg","1881","1.84","2026-08-04 11:27:05","STAGING"
"seo-migration\_deploy\public_html\assets\img\gallery\gallery_7_8.jpg","1881","1.84","2026-08-04 11:27:05","STAGING"
"seo-migration\_deploy\public_html\assets\img\gallery\gallery_7_9.jpg","2525","2.47","2026-08-04 11:27:05","STAGING"
"seo-migration\_deploy\public_html\assets\img\gallery\gallery_8_1.jpg","8394","8.2","2026-08-04 11:27:05","STAGING"
"seo-migration\_deploy\public_html\assets\img\gallery\gallery_8_2.jpg","4215","4.12","2026-08-04 11:27:05","STAGING"
"seo-migration\_deploy\public_html\assets\img\gallery\gallery_8_3.jpg","3626","3.54","2026-08-04 11:27:05","STAGING"
"seo-migration\_deploy\public_html\assets\img\gallery\gallery_8_4.jpg","9941","9.71","2026-08-04 11:27:05","STAGING"
"seo-migration\_deploy\public_html\assets\img\gallery\gallery_8_5.jpg","9941","9.71","2026-08-04 11:27:05","STAGING"
"seo-migration\_deploy\public_html\assets\img\gallery\gallery_8_6.jpg","3626","3.54","2026-08-04 11:27:05","STAGING"
"seo-migration\_deploy\public_html\assets\img\gallery\gallery_8_7.jpg","4215","4.12","2026-08-04 11:27:05","STAGING"
"seo-migration\_deploy\public_html\assets\img\gallery\gallery_8_8.jpg","8394","8.2","2026-08-04 11:27:05","STAGING"
"seo-migration\_deploy\public_html\assets\img\gallery\gallery_9_1.jpg","1820","1.78","2026-08-04 11:27:05","STAGING"
"seo-migration\_deploy\public_html\assets\img\gallery\gallery_9_2.jpg","1820","1.78","2026-08-04 11:27:05","STAGING"
"seo-migration\_deploy\public_html\assets\img\gallery\gallery_9_3.jpg","1820","1.78","2026-08-04 11:27:05","STAGING"
"seo-migration\_deploy\public_html\assets\img\gallery\gallery_9_4.jpg","1820","1.78","2026-08-04 11:27:05","STAGING"
"seo-migration\_deploy\public_html\assets\img\gallery\gallery_9_5.jpg","1820","1.78","2026-08-04 11:27:05","STAGING"
"seo-migration\_deploy\public_html\assets\img\gallery\gallery_9_6.jpg","1820","1.78","2026-08-04 11:27:05","STAGING"
"seo-migration\_deploy\public_html\assets\img\GROUP TRAVEL BANNNER (1).png","1129366","1102.9","2026-08-04 11:27:20","STAGING"
"seo-migration\_deploy\public_html\assets\img\group travel.png","571831","558.43","2026-08-04 11:27:20","STAGING"
"seo-migration\_deploy\public_html\assets\img\Guwahati 1.png","147011","143.57","2026-08-10 17:53:38","STAGING"
"seo-migration\_deploy\public_html\assets\img\Guwahati 10.png","132522","129.42","2026-08-11 11:31:14","STAGING"
"seo-migration\_deploy\public_html\assets\img\Guwahati 11.png","129629","126.59","2026-08-11 11:31:14","STAGING"
"seo-migration\_deploy\public_html\assets\img\Guwahati 12.png","105158","102.69","2026-08-11 11:31:14","STAGING"
"seo-migration\_deploy\public_html\assets\img\Guwahati 2.png","138731","135.48","2026-08-10 15:48:16","STAGING"
"seo-migration\_deploy\public_html\assets\img\Guwahati 3.png","117947","115.18","2026-08-10 15:48:16","STAGING"
"seo-migration\_deploy\public_html\assets\img\Guwahati 4.png","119744","116.94","2026-08-11 11:31:14","STAGING"
"seo-migration\_deploy\public_html\assets\img\Guwahati 5.png","119744","116.94","2026-08-11 11:31:14","STAGING"
"seo-migration\_deploy\public_html\assets\img\Guwahati 6.png","154810","151.18","2026-08-10 15:48:16","STAGING"
"seo-migration\_deploy\public_html\assets\img\Guwahati 7.png","134076","130.93","2026-08-11 11:40:25","STAGING"
"seo-migration\_deploy\public_html\assets\img\Guwahati 8.png","103972","101.54","2026-08-10 16:03:05","STAGING"
"seo-migration\_deploy\public_html\assets\img\Guwahati 9.png","120025","117.21","2026-08-11 11:31:14","STAGING"
"seo-migration\_deploy\public_html\assets\img\guwahati.png","457828","447.1","2026-08-10 15:43:01","STAGING"
"seo-migration\_deploy\public_html\assets\img\hero\hero_10_1.jpg","13650","13.33","2026-08-04 11:27:07","STAGING"
"seo-migration\_deploy\public_html\assets\img\hero\hero_10_2.jpg","13650","13.33","2026-08-04 11:27:07","STAGING"
"seo-migration\_deploy\public_html\assets\img\hero\hero_10_3.jpg","13650","13.33","2026-08-04 11:27:07","STAGING"
"seo-migration\_deploy\public_html\assets\img\hero\hero_10_4.jpg","13650","13.33","2026-08-04 11:27:07","STAGING"
"seo-migration\_deploy\public_html\assets\img\hero\hero_5_1_1.jpg","2108","2.06","2026-08-04 11:27:07","STAGING"
"seo-migration\_deploy\public_html\assets\img\hero\hero_5_1_2.jpg","2108","2.06","2026-08-04 11:27:07","STAGING"
"seo-migration\_deploy\public_html\assets\img\hero\hero_5_1_3.jpg","2108","2.06","2026-08-04 11:27:07","STAGING"
"seo-migration\_deploy\public_html\assets\img\hero\hero_5_2_1.jpg","2357","2.3","2026-08-04 11:27:07","STAGING"
"seo-migration\_deploy\public_html\assets\img\hero\hero_5_2_2.jpg","2159","2.11","2026-08-04 11:27:07","STAGING"
"seo-migration\_deploy\public_html\assets\img\hero\hero_5_2_3.jpg","2159","2.11","2026-08-04 11:27:07","STAGING"
"seo-migration\_deploy\public_html\assets\img\hero\hero_6_1.jpg","13871","13.55","2026-08-04 11:27:07","STAGING"
"seo-migration\_deploy\public_html\assets\img\hero\hero_6_2.jpg","13871","13.55","2026-08-04 11:27:07","STAGING"
"seo-migration\_deploy\public_html\assets\img\hero\hero_6_3.jpg","13871","13.55","2026-08-04 11:27:07","STAGING"
"seo-migration\_deploy\public_html\assets\img\hero\hero_8_1.jpg","9364","9.14","2026-08-04 11:27:07","STAGING"
"seo-migration\_deploy\public_html\assets\img\hero\hero_8_2.jpg","9364","9.14","2026-08-04 11:27:07","STAGING"
"seo-migration\_deploy\public_html\assets\img\hero\hero_8_3.jpg","9364","9.14","2026-08-04 11:27:07","STAGING"
"seo-migration\_deploy\public_html\assets\img\hero\hero_9_1.jpg","12497","12.2","2026-08-04 11:27:07","STAGING"
"seo-migration\_deploy\public_html\assets\img\hero\hero_9_2.jpg","12497","12.2","2026-08-04 11:27:07","STAGING"
"seo-migration\_deploy\public_html\assets\img\hero\hero_9_3.jpg","12497","12.2","2026-08-04 11:27:07","STAGING"
"seo-migration\_deploy\public_html\assets\img\hero\hero_9_4.jpg","12497","12.2","2026-08-04 11:27:07","STAGING"
"seo-migration\_deploy\public_html\assets\img\hero\hero_9_5.jpg","12497","12.2","2026-08-04 11:27:07","STAGING"
"seo-migration\_deploy\public_html\assets\img\hero\hero_bg_1_1.jpg","13240","12.93","2026-08-04 11:27:07","STAGING"
"seo-migration\_deploy\public_html\assets\img\hero\hero_bg_1_2.jpg","13240","12.93","2026-08-04 11:27:07","STAGING"
"seo-migration\_deploy\public_html\assets\img\hero\hero_bg_1_3.jpg","13240","12.93","2026-08-04 11:27:07","STAGING"
"seo-migration\_deploy\public_html\assets\img\hero\hero_bg_2_1.jpg","11609","11.34","2026-08-04 11:27:07","STAGING"
"seo-migration\_deploy\public_html\assets\img\hero\hero_bg_2_2.jpg","7732","7.55","2026-08-04 11:27:07","STAGING"
"seo-migration\_deploy\public_html\assets\img\hero\hero_bg_2_3.jpg","11609","11.34","2026-08-04 11:27:07","STAGING"
"seo-migration\_deploy\public_html\assets\img\hero\hero_bg_3_1.jpg","15158","14.8","2026-08-04 11:27:07","STAGING"
"seo-migration\_deploy\public_html\assets\img\hero\hero_bg_3_2.jpg","15158","14.8","2026-08-04 11:27:07","STAGING"
"seo-migration\_deploy\public_html\assets\img\hero\hero_bg_3_3.jpg","15158","14.8","2026-08-04 11:27:07","STAGING"
"seo-migration\_deploy\public_html\assets\img\hero\hero_bg_3_4.jpg","15158","14.8","2026-08-04 11:27:07","STAGING"
"seo-migration\_deploy\public_html\assets\img\hero\hero_bg_3_5.jpg","12995","12.69","2026-08-04 11:27:07","STAGING"
"seo-migration\_deploy\public_html\assets\img\hero\hero-video.mp4","31611227","30870.34","2026-08-04 11:27:06","STAGING"
"seo-migration\_deploy\public_html\assets\img\hero\hero-video3.mp4","16168296","15789.35","2026-08-04 11:27:07","STAGING"
"seo-migration\_deploy\public_html\assets\img\homepage baner.png","2135927","2085.87","2026-08-04 11:27:20","STAGING"
"seo-migration\_deploy\public_html\assets\img\HOV ABOUT BANNER.png","1840834","1797.69","2026-08-04 11:27:21","STAGING"
"seo-migration\_deploy\public_html\assets\img\HOV BANNER.png","1831120","1788.2","2026-08-04 11:27:21","STAGING"
"seo-migration\_deploy\public_html\assets\img\HOV CONTACT BANNER.png","1123731","1097.39","2026-08-04 11:27:21","STAGING"
"seo-migration\_deploy\public_html\assets\img\hov logo (1).png","7446","7.27","2026-08-04 11:26:58","STAGING"
"seo-migration\_deploy\public_html\assets\img\HOV Video.mp4","1219141","1190.57","2026-08-04 11:27:21","STAGING"
"seo-migration\_deploy\public_html\assets\img\hov white  logo.png","10150","9.91","2026-08-04 11:26:58","STAGING"
"seo-migration\_deploy\public_html\assets\img\HOV.png","483593","472.26","2026-08-04 11:27:21","STAGING"
"seo-migration\_deploy\public_html\assets\img\HOV-WHITE-LOGO.png","8433","8.24","2026-08-04 11:26:58","STAGING"
"seo-migration\_deploy\public_html\assets\img\IATA.png","7367","7.19","2026-08-04 11:27:21","STAGING"
"seo-migration\_deploy\public_html\assets\img\icon\01.svg","789","0.77","2026-08-04 11:27:07","STAGING"
"seo-migration\_deploy\public_html\assets\img\icon\about_1_1.svg","1142","1.12","2026-08-04 11:27:08","STAGING"
"seo-migration\_deploy\public_html\assets\img\icon\about_1_2.svg","899","0.88","2026-08-04 11:27:08","STAGING"
"seo-migration\_deploy\public_html\assets\img\icon\about_1_3.svg","1273","1.24","2026-08-04 11:27:08","STAGING"
"seo-migration\_deploy\public_html\assets\img\icon\arrow-left4.svg","685","0.67","2026-08-04 11:27:08","STAGING"
"seo-migration\_deploy\public_html\assets\img\icon\arrow-left5.svg","668","0.65","2026-08-04 11:27:08","STAGING"
"seo-migration\_deploy\public_html\assets\img\icon\arrow-right.svg","454","0.44","2026-08-04 11:27:08","STAGING"
"seo-migration\_deploy\public_html\assets\img\icon\arrow-right2.svg","447","0.44","2026-08-04 11:27:08","STAGING"
"seo-migration\_deploy\public_html\assets\img\icon\arrow-right3.svg","446","0.44","2026-08-04 11:27:08","STAGING"
"seo-migration\_deploy\public_html\assets\img\icon\arrow-right4.svg","646","0.63","2026-08-04 11:27:08","STAGING"
"seo-migration\_deploy\public_html\assets\img\icon\arrow-right5.svg","456","0.45","2026-08-04 11:27:08","STAGING"
"seo-migration\_deploy\public_html\assets\img\icon\call.svg","982","0.96","2026-08-04 11:27:08","STAGING"
"seo-migration\_deploy\public_html\assets\img\icon\chat.svg","1045","1.02","2026-08-04 11:27:08","STAGING"
"seo-migration\_deploy\public_html\assets\img\icon\choose_1_1.svg","4504","4.4","2026-08-04 11:27:08","STAGING"
"seo-migration\_deploy\public_html\assets\img\icon\choose_1_2.svg","6619","6.46","2026-08-04 11:27:08","STAGING"
"seo-migration\_deploy\public_html\assets\img\icon\choose_1_3.svg","3518","3.44","2026-08-04 11:27:08","STAGING"
"seo-migration\_deploy\public_html\assets\img\icon\choose_2_1.svg","3666","3.58","2026-08-04 11:27:08","STAGING"
"seo-migration\_deploy\public_html\assets\img\icon\choose_2_2.svg","2110","2.06","2026-08-04 11:27:08","STAGING"
"seo-migration\_deploy\public_html\assets\img\icon\choose_2_3.svg","2680","2.62","2026-08-04 11:27:08","STAGING"
"seo-migration\_deploy\public_html\assets\img\icon\dollar.svg","1076","1.05","2026-08-04 11:27:08","STAGING"
"seo-migration\_deploy\public_html\assets\img\icon\down-arrow.svg","471","0.46","2026-08-04 11:27:08","STAGING"
"seo-migration\_deploy\public_html\assets\img\icon\emoji.png","2320","2.27","2026-08-04 11:27:08","STAGING"
"seo-migration\_deploy\public_html\assets\img\icon\envelope.svg","944","0.92","2026-08-04 11:27:08","STAGING"
"seo-migration\_deploy\public_html\assets\img\icon\feature_1_1.svg","5321","5.2","2026-08-04 11:27:08","STAGING"
"seo-migration\_deploy\public_html\assets\img\icon\feature_1_2.svg","4711","4.6","2026-08-04 11:27:08","STAGING"
"seo-migration\_deploy\public_html\assets\img\icon\feature_1_3.svg","8532","8.33","2026-08-04 11:27:08","STAGING"
"seo-migration\_deploy\public_html\assets\img\icon\feature_1_4.svg","2294","2.24","2026-08-04 11:27:08","STAGING"
"seo-migration\_deploy\public_html\assets\img\icon\guide.svg","1238","1.21","2026-08-04 11:27:08","STAGING"
"seo-migration\_deploy\public_html\assets\img\icon\guide2.svg","1125","1.1","2026-08-04 11:27:08","STAGING"
"seo-migration\_deploy\public_html\assets\img\icon\hero-arrow-left.svg","475","0.46","2026-08-04 11:27:08","STAGING"
"seo-migration\_deploy\public_html\assets\img\icon\hero-arrow-right.svg","474","0.46","2026-08-04 11:27:08","STAGING"
"seo-migration\_deploy\public_html\assets\img\icon\left-arrow.svg","666","0.65","2026-08-04 11:27:08","STAGING"
"seo-migration\_deploy\public_html\assets\img\icon\left-arrow2.svg","456","0.45","2026-08-04 11:27:08","STAGING"
"seo-migration\_deploy\public_html\assets\img\icon\left-arrow3.svg","601","0.59","2026-08-04 11:27:08","STAGING"
"seo-migration\_deploy\public_html\assets\img\icon\left-arrow4.svg","476","0.46","2026-08-04 11:27:08","STAGING"
"seo-migration\_deploy\public_html\assets\img\icon\location-dot.svg","616","0.6","2026-08-04 11:27:08","STAGING"
"seo-migration\_deploy\public_html\assets\img\icon\location-dot2.svg","630","0.62","2026-08-04 11:27:08","STAGING"
"seo-migration\_deploy\public_html\assets\img\icon\location-dot3.svg","633","0.62","2026-08-04 11:27:08","STAGING"
"seo-migration\_deploy\public_html\assets\img\icon\location-dot4.svg","858","0.84","2026-08-04 11:27:08","STAGING"
"seo-migration\_deploy\public_html\assets\img\icon\mail.svg","941","0.92","2026-08-04 11:27:08","STAGING"
"seo-migration\_deploy\public_html\assets\img\icon\map.svg","1245","1.22","2026-08-04 11:27:08","STAGING"
"seo-migration\_deploy\public_html\assets\img\icon\map2.svg","928","0.91","2026-08-04 11:27:08","STAGING"
"seo-migration\_deploy\public_html\assets\img\icon\map3.svg","1147","1.12","2026-08-04 11:27:08","STAGING"
"seo-migration\_deploy\public_html\assets\img\icon\map-icon.svg","1080","1.05","2026-08-04 11:27:08","STAGING"
"seo-migration\_deploy\public_html\assets\img\icon\menu.svg","1543","1.51","2026-08-04 11:27:09","STAGING"
"seo-migration\_deploy\public_html\assets\img\icon\menu2.svg","1561","1.52","2026-08-04 11:27:09","STAGING"
"seo-migration\_deploy\public_html\assets\img\icon\phone.svg","1127","1.1","2026-08-04 11:27:09","STAGING"
"seo-migration\_deploy\public_html\assets\img\icon\plane.svg","525","0.51","2026-08-04 11:27:09","STAGING"
"seo-migration\_deploy\public_html\assets\img\icon\plane2.svg","525","0.51","2026-08-04 11:27:09","STAGING"
"seo-migration\_deploy\public_html\assets\img\icon\plane3.svg","515","0.5","2026-08-04 11:27:09","STAGING"
"seo-migration\_deploy\public_html\assets\img\icon\price_1_1.svg","1154","1.13","2026-08-04 11:27:09","STAGING"
"seo-migration\_deploy\public_html\assets\img\icon\price_1_2.svg","873","0.85","2026-08-04 11:27:09","STAGING"
"seo-migration\_deploy\public_html\assets\img\icon\price_1_3.svg","1664","1.62","2026-08-04 11:27:09","STAGING"
"seo-migration\_deploy\public_html\assets\img\icon\resort-icon1-1.svg","4290","4.19","2026-08-04 11:27:09","STAGING"
"seo-migration\_deploy\public_html\assets\img\icon\resort-icon1-10.svg","820","0.8","2026-08-04 11:27:09","STAGING"
"seo-migration\_deploy\public_html\assets\img\icon\resort-icon1-2.svg","8532","8.33","2026-08-04 11:27:09","STAGING"
"seo-migration\_deploy\public_html\assets\img\icon\resort-icon1-3.svg","3507","3.42","2026-08-04 11:27:09","STAGING"
"seo-migration\_deploy\public_html\assets\img\icon\resort-icon1-4.svg","3419","3.34","2026-08-04 11:27:09","STAGING"
"seo-migration\_deploy\public_html\assets\img\icon\resort-icon1-5.svg","3396","3.32","2026-08-04 11:27:09","STAGING"
"seo-migration\_deploy\public_html\assets\img\icon\resort-icon1-6.svg","4131","4.03","2026-08-04 11:27:09","STAGING"
"seo-migration\_deploy\public_html\assets\img\icon\resort-icon1-7.svg","5366","5.24","2026-08-04 11:27:09","STAGING"
"seo-migration\_deploy\public_html\assets\img\icon\resort-icon1-8.svg","6346","6.2","2026-08-04 11:27:09","STAGING"
"seo-migration\_deploy\public_html\assets\img\icon\resort-icon1-9.svg","4201","4.1","2026-08-04 11:27:09","STAGING"
"seo-migration\_deploy\public_html\assets\img\icon\right-arrow.svg","470","0.46","2026-08-04 11:27:09","STAGING"
"seo-migration\_deploy\public_html\assets\img\icon\right-arrow2.svg","455","0.44","2026-08-04 11:27:09","STAGING"
"seo-migration\_deploy\public_html\assets\img\icon\search.svg","646","0.63","2026-08-04 11:27:09","STAGING"
"seo-migration\_deploy\public_html\assets\img\icon\ship.svg","1596","1.56","2026-08-04 11:27:09","STAGING"
"seo-migration\_deploy\public_html\assets\img\icon\testi-quote.svg","1277","1.25","2026-08-04 11:27:09","STAGING"
"seo-migration\_deploy\public_html\assets\img\icon\testi-quote2.svg","1202","1.17","2026-08-04 11:27:09","STAGING"
"seo-migration\_deploy\public_html\assets\img\icon\tour_icon_1.svg","1086","1.06","2026-08-04 11:27:09","STAGING"
"seo-migration\_deploy\public_html\assets\img\icon\tour_icon_2.svg","1055","1.03","2026-08-04 11:27:09","STAGING"
"seo-migration\_deploy\public_html\assets\img\icon\tour_icon_3.svg","1597","1.56","2026-08-04 11:27:09","STAGING"
"seo-migration\_deploy\public_html\assets\img\icon\tour2.svg","989","0.97","2026-08-04 11:27:09","STAGING"
"seo-migration\_deploy\public_html\assets\img\icon\user.svg","623","0.61","2026-08-04 11:27:09","STAGING"
"seo-migration\_deploy\public_html\assets\img\image.png","191702","187.21","2026-08-04 11:27:21","STAGING"
"seo-migration\_deploy\public_html\assets\img\image1.jpeg","1792810","1750.79","2026-08-04 11:26:59","STAGING"
"seo-migration\_deploy\public_html\assets\img\incentive  (1).png","195108","190.54","2026-08-04 11:27:21","STAGING"
"seo-migration\_deploy\public_html\assets\img\incentive 1.png","288711","281.94","2026-08-04 11:27:21","STAGING"
"seo-migration\_deploy\public_html\assets\img\INCENTIVE TRAVEL BANNNER (1).png","1136236","1109.61","2026-08-04 11:27:21","STAGING"
"seo-migration\_deploy\public_html\assets\img\INCENTIVE TRAVEL BANNNER.png","1278418","1248.46","2026-08-04 11:27:21","STAGING"
"seo-migration\_deploy\public_html\assets\img\incentive travel1.png","448361","437.85","2026-08-04 11:27:21","STAGING"
"seo-migration\_deploy\public_html\assets\img\lava logo.png","5247","5.12","2026-08-19 12:24:26","STAGING"
"seo-migration\_deploy\public_html\assets\img\logo.svg","141582","138.26","2026-08-04 11:26:59","STAGING"
"seo-migration\_deploy\public_html\assets\img\logo_bg_mask.png","1207","1.18","2026-08-04 11:26:59","STAGING"
"seo-migration\_deploy\public_html\assets\img\logo2.svg","141208","137.9","2026-08-04 11:26:59","STAGING"
"seo-migration\_deploy\public_html\assets\img\logo3.svg","141470","138.15","2026-08-04 11:26:59","STAGING"
"seo-migration\_deploy\public_html\assets\img\logo4.svg","141499","138.18","2026-08-04 11:26:59","STAGING"
"seo-migration\_deploy\public_html\assets\img\logo5.svg","141380","138.07","2026-08-04 11:26:59","STAGING"
"seo-migration\_deploy\public_html\assets\img\Logo-HOV.png","11352","11.09","2026-08-04 11:26:59","STAGING"
"seo-migration\_deploy\public_html\assets\img\logo-white.svg","141212","137.9","2026-08-04 11:26:59","STAGING"
"seo-migration\_deploy\public_html\assets\img\logo-white2.svg","141188","137.88","2026-08-04 11:26:59","STAGING"
"seo-migration\_deploy\public_html\assets\img\Logo-white-HOV.png","9190","8.97","2026-08-04 11:26:59","STAGING"
"seo-migration\_deploy\public_html\assets\img\meeting 1.png","174726","170.63","2026-08-04 11:27:21","STAGING"
"seo-migration\_deploy\public_html\assets\img\meeting 2.png","158085","154.38","2026-08-04 11:27:21","STAGING"
"seo-migration\_deploy\public_html\assets\img\meeting conference.png","13297","12.99","2026-08-04 11:27:21","STAGING"
"seo-migration\_deploy\public_html\assets\img\meeting icon1.png","13213","12.9","2026-08-04 11:27:21","STAGING"
"seo-migration\_deploy\public_html\assets\img\meeting1.png","89268","87.18","2026-08-04 11:26:59","STAGING"
"seo-migration\_deploy\public_html\assets\img\menu_bg_mask.png","1194","1.17","2026-08-04 11:26:59","STAGING"
"seo-migration\_deploy\public_html\assets\img\MICE banner.png","1903423","1858.81","2026-08-04 11:27:21","STAGING"
"seo-migration\_deploy\public_html\assets\img\mice event.png","15498","15.13","2026-08-04 11:27:21","STAGING"
"seo-migration\_deploy\public_html\assets\img\MICE map.webp","130038","126.99","2026-08-04 11:26:59","STAGING"
"seo-migration\_deploy\public_html\assets\img\mukul.png","73080","71.37","2026-08-19 11:55:45","STAGING"
"seo-migration\_deploy\public_html\assets\img\normal\about_1_1.jpg","2503","2.44","2026-08-04 11:27:09","STAGING"
"seo-migration\_deploy\public_html\assets\img\normal\about_1_2.jpg","1868","1.82","2026-08-04 11:27:09","STAGING"
"seo-migration\_deploy\public_html\assets\img\normal\about_1_3.jpg","1868","1.82","2026-08-04 11:27:09","STAGING"
"seo-migration\_deploy\public_html\assets\img\normal\about_2_1.jpg","3263","3.19","2026-08-04 11:27:09","STAGING"
"seo-migration\_deploy\public_html\assets\img\normal\about_2_2.jpg","2091","2.04","2026-08-04 11:27:09","STAGING"
"seo-migration\_deploy\public_html\assets\img\normal\about_3_1.jpg","2652","2.59","2026-08-04 11:27:09","STAGING"
"seo-migration\_deploy\public_html\assets\img\normal\about_3_2.jpg","2652","2.59","2026-08-04 11:27:09","STAGING"
"seo-migration\_deploy\public_html\assets\img\normal\about_3_3.jpg","2163","2.11","2026-08-04 11:27:09","STAGING"
"seo-migration\_deploy\public_html\assets\img\normal\about_4.jpg","142452","139.11","2026-08-04 11:27:09","STAGING"
"seo-migration\_deploy\public_html\assets\img\normal\about_4_1.jpg","3956","3.86","2026-08-04 11:27:09","STAGING"
"seo-migration\_deploy\public_html\assets\img\normal\about_4_2.jpg","1902","1.86","2026-08-04 11:27:09","STAGING"
"seo-migration\_deploy\public_html\assets\img\normal\about_5_1.jpg","8482","8.28","2026-08-04 11:27:09","STAGING"
"seo-migration\_deploy\public_html\assets\img\normal\about_6_1.jpg","2276","2.22","2026-08-04 11:27:09","STAGING"
"seo-migration\_deploy\public_html\assets\img\normal\about_6_2.jpg","1890","1.85","2026-08-04 11:27:09","STAGING"
"seo-migration\_deploy\public_html\assets\img\normal\about_6_3.jpg","1890","1.85","2026-08-04 11:27:10","STAGING"
"seo-migration\_deploy\public_html\assets\img\normal\about_7_1.jpg","2095","2.05","2026-08-04 11:27:10","STAGING"
"seo-migration\_deploy\public_html\assets\img\normal\about_7_2.jpg","2095","2.05","2026-08-04 11:27:10","STAGING"
"seo-migration\_deploy\public_html\assets\img\normal\about_7_3.jpg","2784","2.72","2026-08-04 11:27:10","STAGING"
"seo-migration\_deploy\public_html\assets\img\normal\about_8_1.jpg","2307","2.25","2026-08-04 11:27:10","STAGING"
"seo-migration\_deploy\public_html\assets\img\normal\about_8_2.jpg","2347","2.29","2026-08-04 11:27:10","STAGING"
"seo-migration\_deploy\public_html\assets\img\normal\about_8_3.jpg","2362","2.31","2026-08-04 11:27:10","STAGING"
"seo-migration\_deploy\public_html\assets\img\normal\about_9_1.jpg","5130","5.01","2026-08-04 11:27:10","STAGING"
"seo-migration\_deploy\public_html\assets\img\normal\about-slide-img.png","3641","3.56","2026-08-04 11:27:09","STAGING"
"seo-migration\_deploy\public_html\assets\img\normal\about-slide-img2.png","3778","3.69","2026-08-04 11:27:09","STAGING"
"seo-migration\_deploy\public_html\assets\img\normal\about-slide-img3.png","4984","4.87","2026-08-04 11:27:09","STAGING"
"seo-migration\_deploy\public_html\assets\img\normal\app_mockup.png","3819","3.73","2026-08-04 11:27:10","STAGING"
"seo-migration\_deploy\public_html\assets\img\normal\choose_1.jpg","1881","1.84","2026-08-04 11:27:10","STAGING"
"seo-migration\_deploy\public_html\assets\img\normal\choose_2.jpg","1881","1.84","2026-08-04 11:27:10","STAGING"
"seo-migration\_deploy\public_html\assets\img\normal\choose_3.jpg","1881","1.84","2026-08-04 11:27:10","STAGING"
"seo-migration\_deploy\public_html\assets\img\normal\choose_4.jpg","1881","1.84","2026-08-04 11:27:10","STAGING"
"seo-migration\_deploy\public_html\assets\img\normal\choose_5.jpg","5129","5.01","2026-08-04 11:27:10","STAGING"
"seo-migration\_deploy\public_html\assets\img\normal\cta-img-6.jpg","6082","5.94","2026-08-04 11:27:10","STAGING"
"seo-migration\_deploy\public_html\assets\img\normal\newsletter-img.png","3903","3.81","2026-08-04 11:27:10","STAGING"
"seo-migration\_deploy\public_html\assets\img\normal\offer_img_1.jpg","2278","2.22","2026-08-04 11:27:10","STAGING"
"seo-migration\_deploy\public_html\assets\img\normal\offer_img_2.jpg","2278","2.22","2026-08-04 11:27:10","STAGING"
"seo-migration\_deploy\public_html\assets\img\normal\offer_img_3.jpg","2278","2.22","2026-08-04 11:27:10","STAGING"
"seo-migration\_deploy\public_html\assets\img\normal\offer_img_4.jpg","2278","2.22","2026-08-04 11:27:10","STAGING"
"seo-migration\_deploy\public_html\assets\img\normal\offer_img_5.jpg","2278","2.22","2026-08-04 11:27:10","STAGING"
"seo-migration\_deploy\public_html\assets\img\normal\offer_img_6.jpg","2278","2.22","2026-08-04 11:27:10","STAGING"
"seo-migration\_deploy\public_html\assets\img\normal\price-shape.png","3056","2.98","2026-08-04 11:27:10","STAGING"
"seo-migration\_deploy\public_html\assets\img\normal\price-shape2.png","1715","1.67","2026-08-04 11:27:10","STAGING"
"seo-migration\_deploy\public_html\assets\img\normal\resort_1_1.jpg","3305","3.23","2026-08-04 11:27:10","STAGING"
"seo-migration\_deploy\public_html\assets\img\normal\resort_1_2.jpg","3305","3.23","2026-08-04 11:27:10","STAGING"
"seo-migration\_deploy\public_html\assets\img\normal\resort_1_3.jpg","3305","3.23","2026-08-04 11:27:10","STAGING"
"seo-migration\_deploy\public_html\assets\img\normal\resort-details.jpg","6500","6.35","2026-08-04 11:27:10","STAGING"
"seo-migration\_deploy\public_html\assets\img\normal\shape.svg","5957","5.82","2026-08-04 11:27:10","STAGING"
"seo-migration\_deploy\public_html\assets\img\offsite travel.png","532461","519.98","2026-08-04 11:27:21","STAGING"
"seo-migration\_deploy\public_html\assets\img\OTOAI.png","5621","5.49","2026-08-04 11:27:21","STAGING"
"seo-migration\_deploy\public_html\assets\img\OUR SERVICES BANNER.png","1335452","1304.15","2026-08-04 11:27:21","STAGING"
"seo-migration\_deploy\public_html\assets\img\pages\home-agency.jpg","3210","3.13","2026-08-04 11:27:10","STAGING"
"seo-migration\_deploy\public_html\assets\img\pages\home-beach.jpg","3210","3.13","2026-08-04 11:27:10","STAGING"
"seo-migration\_deploy\public_html\assets\img\pages\home-countryside-hotel.jpg","3210","3.13","2026-08-04 11:27:10","STAGING"
"seo-migration\_deploy\public_html\assets\img\pages\home-forest.jpg","3210","3.13","2026-08-04 11:27:11","STAGING"
"seo-migration\_deploy\public_html\assets\img\pages\home-hiking.jpg","3210","3.13","2026-08-04 11:27:11","STAGING"
"seo-migration\_deploy\public_html\assets\img\pages\home-hiking-2.jpg","3210","3.13","2026-08-04 11:27:11","STAGING"
"seo-migration\_deploy\public_html\assets\img\pages\home-resort.jpg","3210","3.13","2026-08-04 11:27:11","STAGING"
"seo-migration\_deploy\public_html\assets\img\pages\home-tour.jpg","3210","3.13","2026-08-04 11:27:11","STAGING"
"seo-migration\_deploy\public_html\assets\img\pages\home-travel.jpg","3210","3.13","2026-08-04 11:27:11","STAGING"
"seo-migration\_deploy\public_html\assets\img\pages\home-yacht.jpg","3210","3.13","2026-08-04 11:27:11","STAGING"
"seo-migration\_deploy\public_html\assets\img\pan india.webp","119564","116.76","2026-08-04 11:27:21","STAGING"
"seo-migration\_deploy\public_html\assets\img\product\product_1_1.png","4164","4.07","2026-08-04 11:27:11","STAGING"
"seo-migration\_deploy\public_html\assets\img\product\product_1_2.png","4164","4.07","2026-08-04 11:27:11","STAGING"
"seo-migration\_deploy\public_html\assets\img\product\product_1_3.png","4164","4.07","2026-08-04 11:27:11","STAGING"
"seo-migration\_deploy\public_html\assets\img\product\product_1_4.png","4164","4.07","2026-08-04 11:27:11","STAGING"
"seo-migration\_deploy\public_html\assets\img\product\product_1_5.png","4164","4.07","2026-08-04 11:27:11","STAGING"
"seo-migration\_deploy\public_html\assets\img\product\product_1_6.png","4164","4.07","2026-08-04 11:27:11","STAGING"
"seo-migration\_deploy\public_html\assets\img\product\product_1_7.png","4164","4.07","2026-08-04 11:27:11","STAGING"
"seo-migration\_deploy\public_html\assets\img\product\product_1_8.png","4164","4.07","2026-08-04 11:27:11","STAGING"
"seo-migration\_deploy\public_html\assets\img\product\product_details_1_1.png","4164","4.07","2026-08-04 11:27:11","STAGING"
"seo-migration\_deploy\public_html\assets\img\services 1.png","165060","161.19","2026-08-04 11:27:21","STAGING"
"seo-migration\_deploy\public_html\assets\img\services 10.png","169022","165.06","2026-08-04 11:27:21","STAGING"
"seo-migration\_deploy\public_html\assets\img\services 2.png","150505","146.98","2026-08-04 11:27:22","STAGING"
"seo-migration\_deploy\public_html\assets\img\services 5.png","149927","146.41","2026-08-04 11:27:22","STAGING"
"seo-migration\_deploy\public_html\assets\img\services 6.png","145461","142.05","2026-08-04 11:27:22","STAGING"
"seo-migration\_deploy\public_html\assets\img\services 7.png","221356","216.17","2026-08-04 11:27:22","STAGING"
"seo-migration\_deploy\public_html\assets\img\services 8.png","194443","189.89","2026-08-04 11:27:22","STAGING"
"seo-migration\_deploy\public_html\assets\img\services 9.png","152846","149.26","2026-08-04 11:27:22","STAGING"
"seo-migration\_deploy\public_html\assets\img\sevices 3.png","146421","142.99","2026-08-04 11:27:22","STAGING"
"seo-migration\_deploy\public_html\assets\img\sevices 4.png","96337","94.08","2026-08-04 11:27:22","STAGING"
"seo-migration\_deploy\public_html\assets\img\shape\car_1.png","15928","15.55","2026-08-04 11:27:11","STAGING"
"seo-migration\_deploy\public_html\assets\img\shape\car_2.png","22789","22.25","2026-08-04 11:27:11","STAGING"
"seo-migration\_deploy\public_html\assets\img\shape\cards.png","3181","3.11","2026-08-04 11:27:11","STAGING"
"seo-migration\_deploy\public_html\assets\img\shape\client-img-1-1.png","6665","6.51","2026-08-04 11:27:11","STAGING"
"seo-migration\_deploy\public_html\assets\img\shape\client-img-1-2.png","7385","7.21","2026-08-04 11:27:11","STAGING"
"seo-migration\_deploy\public_html\assets\img\shape\client-img-1-3.png","7032","6.87","2026-08-04 11:27:11","STAGING"
"seo-migration\_deploy\public_html\assets\img\shape\client-img-2-1.png","6474","6.32","2026-08-04 11:27:11","STAGING"
"seo-migration\_deploy\public_html\assets\img\shape\client-img-2-2.png","6572","6.42","2026-08-04 11:27:11","STAGING"
"seo-migration\_deploy\public_html\assets\img\shape\client-img-2-3.png","5564","5.43","2026-08-04 11:27:11","STAGING"
"seo-migration\_deploy\public_html\assets\img\shape\client-img-2-4.png","6096","5.95","2026-08-04 11:27:11","STAGING"
"seo-migration\_deploy\public_html\assets\img\shape\degree.png","874","0.85","2026-08-04 11:27:11","STAGING"
"seo-migration\_deploy\public_html\assets\img\shape\elements_1_1.png","2034","1.99","2026-08-04 11:27:11","STAGING"
"seo-migration\_deploy\public_html\assets\img\shape\elements_1_1.svg","6980","6.82","2026-08-04 11:27:11","STAGING"
"seo-migration\_deploy\public_html\assets\img\shape\elements_1_10.svg","10027","9.79","2026-08-04 11:27:11","STAGING"
"seo-migration\_deploy\public_html\assets\img\shape\elements_1_11.svg","16980","16.58","2026-08-04 11:27:11","STAGING"
"seo-migration\_deploy\public_html\assets\img\shape\elements_1_12.svg","26534","25.91","2026-08-04 11:27:11","STAGING"
"seo-migration\_deploy\public_html\assets\img\shape\elements_1_13.svg","2805","2.74","2026-08-04 11:27:11","STAGING"
"seo-migration\_deploy\public_html\assets\img\shape\elements_1_14.svg","8202","8.01","2026-08-04 11:27:11","STAGING"
"seo-migration\_deploy\public_html\assets\img\shape\elements_1_15.svg","16696","16.3","2026-08-04 11:27:11","STAGING"
"seo-migration\_deploy\public_html\assets\img\shape\elements_1_16.svg","24975","24.39","2026-08-04 11:27:11","STAGING"
"seo-migration\_deploy\public_html\assets\img\shape\elements_1_17.svg","9290","9.07","2026-08-04 11:27:11","STAGING"
"seo-migration\_deploy\public_html\assets\img\shape\elements_1_18.svg","21275","20.78","2026-08-04 11:27:11","STAGING"
"seo-migration\_deploy\public_html\assets\img\shape\elements_1_19.svg","13476","13.16","2026-08-04 11:27:12","STAGING"
"seo-migration\_deploy\public_html\assets\img\shape\elements_1_2.svg","1334","1.3","2026-08-04 11:27:12","STAGING"
"seo-migration\_deploy\public_html\assets\img\shape\elements_1_3.svg","16330","15.95","2026-08-04 11:27:12","STAGING"
"seo-migration\_deploy\public_html\assets\img\shape\elements_1_4.svg","1948","1.9","2026-08-04 11:27:12","STAGING"
"seo-migration\_deploy\public_html\assets\img\shape\elements_1_5.svg","11147","10.89","2026-08-04 11:27:12","STAGING"
"seo-migration\_deploy\public_html\assets\img\shape\elements_1_6.svg","19145","18.7","2026-08-04 11:27:12","STAGING"
"seo-migration\_deploy\public_html\assets\img\shape\elements_1_7.svg","16350","15.97","2026-08-04 11:27:12","STAGING"
"seo-migration\_deploy\public_html\assets\img\shape\elements_1_8.svg","18624","18.19","2026-08-04 11:27:12","STAGING"
"seo-migration\_deploy\public_html\assets\img\shape\elements_1_9.svg","3878","3.79","2026-08-04 11:27:12","STAGING"
"seo-migration\_deploy\public_html\assets\img\shape\footer4-shape.png","7121","6.95","2026-08-04 11:27:12","STAGING"
"seo-migration\_deploy\public_html\assets\img\shape\footer4-shape2.png","7353","7.18","2026-08-04 11:27:12","STAGING"
"seo-migration\_deploy\public_html\assets\img\shape\line.png","27015","26.38","2026-08-04 11:27:12","STAGING"
"seo-migration\_deploy\public_html\assets\img\shape\line2.png","25847","25.24","2026-08-04 11:27:12","STAGING"
"seo-migration\_deploy\public_html\assets\img\shape\shape.svg","5957","5.82","2026-08-04 11:27:12","STAGING"
"seo-migration\_deploy\public_html\assets\img\shape\shape_1.png","688","0.67","2026-08-04 11:27:12","STAGING"
"seo-migration\_deploy\public_html\assets\img\shape\shape_10.png","2297","2.24","2026-08-04 11:27:12","STAGING"
"seo-migration\_deploy\public_html\assets\img\shape\shape_11.png","3772","3.68","2026-08-04 11:27:12","STAGING"
"seo-migration\_deploy\public_html\assets\img\shape\shape_12.png","2674","2.61","2026-08-04 11:27:12","STAGING"
"seo-migration\_deploy\public_html\assets\img\shape\shape_13.png","2113","2.06","2026-08-04 11:27:12","STAGING"
"seo-migration\_deploy\public_html\assets\img\shape\shape_14.png","1918","1.87","2026-08-04 11:27:12","STAGING"
"seo-migration\_deploy\public_html\assets\img\shape\shape_15.png","5528","5.4","2026-08-04 11:27:12","STAGING"
"seo-migration\_deploy\public_html\assets\img\shape\shape_16.png","12396","12.11","2026-08-04 11:27:12","STAGING"
"seo-migration\_deploy\public_html\assets\img\shape\shape_17.png","30351","29.64","2026-08-04 11:27:12","STAGING"
"seo-migration\_deploy\public_html\assets\img\shape\shape_18.png","20372","19.89","2026-08-04 11:27:12","STAGING"
"seo-migration\_deploy\public_html\assets\img\shape\shape_19.png","16764","16.37","2026-08-04 11:27:12","STAGING"
"seo-migration\_deploy\public_html\assets\img\shape\shape_2.png","2866","2.8","2026-08-04 11:27:12","STAGING"
"seo-migration\_deploy\public_html\assets\img\shape\shape_2_1.png","4250","4.15","2026-08-04 11:27:12","STAGING"
"seo-migration\_deploy\public_html\assets\img\shape\shape_2_10.png","4697","4.59","2026-08-04 11:27:12","STAGING"
"seo-migration\_deploy\public_html\assets\img\shape\shape_2_11.png","4817","4.7","2026-08-04 11:27:12","STAGING"
"seo-migration\_deploy\public_html\assets\img\shape\shape_2_2.png","1851","1.81","2026-08-04 11:27:12","STAGING"
"seo-migration\_deploy\public_html\assets\img\shape\shape_2_3.png","4109","4.01","2026-08-04 11:27:12","STAGING"
"seo-migration\_deploy\public_html\assets\img\shape\shape_2_4.png","5120","5","2026-08-04 11:27:12","STAGING"
"seo-migration\_deploy\public_html\assets\img\shape\shape_2_5.png","1427","1.39","2026-08-04 11:27:12","STAGING"
"seo-migration\_deploy\public_html\assets\img\shape\shape_2_6.png","4837","4.72","2026-08-04 11:27:12","STAGING"
"seo-migration\_deploy\public_html\assets\img\shape\shape_2_7.png","6941","6.78","2026-08-04 11:27:12","STAGING"
"seo-migration\_deploy\public_html\assets\img\shape\shape_2_8.png","2753","2.69","2026-08-04 11:27:12","STAGING"
"seo-migration\_deploy\public_html\assets\img\shape\shape_2_9.png","2206","2.15","2026-08-04 11:27:12","STAGING"
"seo-migration\_deploy\public_html\assets\img\shape\shape_20.png","28860","28.18","2026-08-04 11:27:12","STAGING"
"seo-migration\_deploy\public_html\assets\img\shape\shape_21.png","256177","250.17","2026-08-04 11:27:12","STAGING"
"seo-migration\_deploy\public_html\assets\img\shape\shape_3.png","1721","1.68","2026-08-04 11:27:12","STAGING"
"seo-migration\_deploy\public_html\assets\img\shape\shape_4.png","2692","2.63","2026-08-04 11:27:13","STAGING"
"seo-migration\_deploy\public_html\assets\img\shape\shape_5.png","2819","2.75","2026-08-04 11:27:13","STAGING"
"seo-migration\_deploy\public_html\assets\img\shape\shape_6.png","20213","19.74","2026-08-04 11:27:13","STAGING"
"seo-migration\_deploy\public_html\assets\img\shape\shape_7.png","2497","2.44","2026-08-04 11:27:13","STAGING"
"seo-migration\_deploy\public_html\assets\img\shape\shape_8.png","1403","1.37","2026-08-04 11:27:13","STAGING"
"seo-migration\_deploy\public_html\assets\img\shape\shape_9.png","2343","2.29","2026-08-04 11:27:13","STAGING"
"seo-migration\_deploy\public_html\assets\img\shape\shape1.png","3799","3.71","2026-08-04 11:27:12","STAGING"
"seo-migration\_deploy\public_html\assets\img\shape\shape2.png","2376","2.32","2026-08-04 11:27:12","STAGING"
"seo-migration\_deploy\public_html\assets\img\shape\shape3.png","993","0.97","2026-08-04 11:27:12","STAGING"
"seo-migration\_deploy\public_html\assets\img\shape\sun.png","817","0.8","2026-08-04 11:27:13","STAGING"
"seo-migration\_deploy\public_html\assets\img\shape\testi-shape.png","1397","1.36","2026-08-04 11:27:13","STAGING"
"seo-migration\_deploy\public_html\assets\img\shape\tree_1.png","10684","10.43","2026-08-04 11:27:13","STAGING"
"seo-migration\_deploy\public_html\assets\img\Suraj.png","71031","69.37","2026-08-19 11:52:14","STAGING"
"seo-migration\_deploy\public_html\assets\img\team building.png","113709","111.04","2026-08-04 11:27:22","STAGING"
"seo-migration\_deploy\public_html\assets\img\team\team_1_1.jpg","1797","1.75","2026-08-04 11:27:13","STAGING"
"seo-migration\_deploy\public_html\assets\img\team\team_1_2.jpg","1797","1.75","2026-08-04 11:27:13","STAGING"
"seo-migration\_deploy\public_html\assets\img\team\team_1_3.jpg","1797","1.75","2026-08-04 11:27:13","STAGING"
"seo-migration\_deploy\public_html\assets\img\team\team_1_4.jpg","1797","1.75","2026-08-04 11:27:13","STAGING"
"seo-migration\_deploy\public_html\assets\img\team\team_1_5.jpg","1797","1.75","2026-08-04 11:27:13","STAGING"
"seo-migration\_deploy\public_html\assets\img\team\team_1_6.jpg","1797","1.75","2026-08-04 11:27:13","STAGING"
"seo-migration\_deploy\public_html\assets\img\team\team_2_1.jpg","1797","1.75","2026-08-04 11:27:13","STAGING"
"seo-migration\_deploy\public_html\assets\img\team\team_2_2.jpg","1797","1.75","2026-08-04 11:27:13","STAGING"
"seo-migration\_deploy\public_html\assets\img\team\team_2_3.jpg","1797","1.75","2026-08-04 11:27:13","STAGING"
"seo-migration\_deploy\public_html\assets\img\team\team_3_1.jpg","2565","2.5","2026-08-04 11:27:13","STAGING"
"seo-migration\_deploy\public_html\assets\img\team\team_3_2.jpg","2565","2.5","2026-08-04 11:27:13","STAGING"
"seo-migration\_deploy\public_html\assets\img\team\team_3_3.jpg","2565","2.5","2026-08-04 11:27:13","STAGING"
"seo-migration\_deploy\public_html\assets\img\team\team_3_4.jpg","2565","2.5","2026-08-04 11:27:13","STAGING"
"seo-migration\_deploy\public_html\assets\img\team\team_3_5.jpg","2565","2.5","2026-08-04 11:27:13","STAGING"
"seo-migration\_deploy\public_html\assets\img\team\team_img_1.jpg","1675","1.64","2026-08-04 11:27:13","STAGING"
"seo-migration\_deploy\public_html\assets\img\team\team_img_1_1.jpg","2465","2.41","2026-08-04 11:27:13","STAGING"
"seo-migration\_deploy\public_html\assets\img\team\team_img_1_2.jpg","2264","2.21","2026-08-04 11:27:13","STAGING"
"seo-migration\_deploy\public_html\assets\img\team\team_img_1_3.jpg","2501","2.44","2026-08-04 11:27:13","STAGING"
"seo-migration\_deploy\public_html\assets\img\team\team_img_2.jpg","1675","1.64","2026-08-04 11:27:13","STAGING"
"seo-migration\_deploy\public_html\assets\img\team\team_img_3.jpg","1675","1.64","2026-08-04 11:27:13","STAGING"
"seo-migration\_deploy\public_html\assets\img\team\team_img_4.jpg","1675","1.64","2026-08-04 11:27:13","STAGING"
"seo-migration\_deploy\public_html\assets\img\team\team_img_5.jpg","1675","1.64","2026-08-04 11:27:13","STAGING"
"seo-migration\_deploy\public_html\assets\img\team\team_img_6.jpg","1675","1.64","2026-08-04 11:27:13","STAGING"
"seo-migration\_deploy\public_html\assets\img\testimonial\testi_1_1.jpg","807","0.79","2026-08-04 11:27:14","STAGING"
"seo-migration\_deploy\public_html\assets\img\testimonial\testi_1_2.jpg","807","0.79","2026-08-04 11:27:14","STAGING"
"seo-migration\_deploy\public_html\assets\img\testimonial\testi_2_1.png","915","0.89","2026-08-04 11:27:14","STAGING"
"seo-migration\_deploy\public_html\assets\img\testimonial\testi_2_2.png","918","0.9","2026-08-04 11:27:14","STAGING"
"seo-migration\_deploy\public_html\assets\img\testimonial\testi_2_3.png","918","0.9","2026-08-04 11:27:14","STAGING"
"seo-migration\_deploy\public_html\assets\img\testimonial\testi_2_4.png","918","0.9","2026-08-04 11:27:14","STAGING"
"seo-migration\_deploy\public_html\assets\img\testimonial\testi_2_5.png","918","0.9","2026-08-04 11:27:14","STAGING"
"seo-migration\_deploy\public_html\assets\img\testimonial\testi_3_1.png","1009","0.99","2026-08-04 11:27:14","STAGING"
"seo-migration\_deploy\public_html\assets\img\testimonial\testi_3_2.png","848","0.83","2026-08-04 11:27:14","STAGING"
"seo-migration\_deploy\public_html\assets\img\testimonial\testi_3_3.png","848","0.83","2026-08-04 11:27:14","STAGING"
"seo-migration\_deploy\public_html\assets\img\testimonial\testi_3_4.png","918","0.9","2026-08-04 11:27:14","STAGING"
"seo-migration\_deploy\public_html\assets\img\testimonial\testi_3_5.png","848","0.83","2026-08-04 11:27:14","STAGING"
"seo-migration\_deploy\public_html\assets\img\testimonial\testi_3_6.png","1009","0.99","2026-08-04 11:27:14","STAGING"
"seo-migration\_deploy\public_html\assets\img\testimonial\testi_4_1.png","1042","1.02","2026-08-04 11:27:14","STAGING"
"seo-migration\_deploy\public_html\assets\img\testimonial\testi_4_2.png","1042","1.02","2026-08-04 11:27:14","STAGING"
"seo-migration\_deploy\public_html\assets\img\testimonial\testi_4_3.png","1042","1.02","2026-08-04 11:27:14","STAGING"
"seo-migration\_deploy\public_html\assets\img\testimonial\testi_4_4.png","1042","1.02","2026-08-04 11:27:14","STAGING"
"seo-migration\_deploy\public_html\assets\img\testimonial\testi_5_1.png","1157","1.13","2026-08-04 11:27:14","STAGING"
"seo-migration\_deploy\public_html\assets\img\testimonial\testi_5_2.png","1310","1.28","2026-08-04 11:27:14","STAGING"
"seo-migration\_deploy\public_html\assets\img\testimonial\testi_5_3.png","1310","1.28","2026-08-04 11:27:14","STAGING"
"seo-migration\_deploy\public_html\assets\img\testimonial\testi_6_1.png","1438","1.4","2026-08-04 11:27:14","STAGING"
"seo-migration\_deploy\public_html\assets\img\testimonial\testi_6_2.png","1438","1.4","2026-08-04 11:27:14","STAGING"
"seo-migration\_deploy\public_html\assets\img\testimonial\testi_6_3.png","1441","1.41","2026-08-04 11:27:14","STAGING"
"seo-migration\_deploy\public_html\assets\img\testimonial\testi_bg_1.jpg","7990","7.8","2026-08-04 11:27:14","STAGING"
"seo-migration\_deploy\public_html\assets\img\testimonial\testi_bg_2.jpg","7990","7.8","2026-08-04 11:27:14","STAGING"
"seo-migration\_deploy\public_html\assets\img\testimonial\testi_bg_3.jpg","7990","7.8","2026-08-04 11:27:14","STAGING"
"seo-migration\_deploy\public_html\assets\img\testimonial\testi_shape_1.png","4005","3.91","2026-08-04 11:27:14","STAGING"
"seo-migration\_deploy\public_html\assets\img\testimonial\testi_shape_2.png","3284","3.21","2026-08-04 11:27:14","STAGING"
"seo-migration\_deploy\public_html\assets\img\testimonial\testi-img1.jpg","3959","3.87","2026-08-04 11:27:13","STAGING"
"seo-migration\_deploy\public_html\assets\img\testimonial\testi-img-1.jpg","2620","2.56","2026-08-04 11:27:13","STAGING"
"seo-migration\_deploy\public_html\assets\img\testimonial\testi-img2.jpg","1929","1.88","2026-08-04 11:27:13","STAGING"
"seo-migration\_deploy\public_html\assets\img\testimonial\testi-img-2.jpg","1991","1.94","2026-08-04 11:27:13","STAGING"
"seo-migration\_deploy\public_html\assets\img\testimonial\testi-img-2_1.jpg","2117","2.07","2026-08-04 11:27:13","STAGING"
"seo-migration\_deploy\public_html\assets\img\testimonial\testi-img-2_2.jpg","2117","2.07","2026-08-04 11:27:13","STAGING"
"seo-migration\_deploy\public_html\assets\img\testimonial\testi-img-2_3.jpg","2117","2.07","2026-08-04 11:27:13","STAGING"
"seo-migration\_deploy\public_html\assets\img\thailand 1.png","127887","124.89","2026-08-19 11:40:34","STAGING"
"seo-migration\_deploy\public_html\assets\img\thailand 10.png","141820","138.5","2026-08-19 11:40:35","STAGING"
"seo-migration\_deploy\public_html\assets\img\thailand 11.png","121723","118.87","2026-08-19 13:06:25","STAGING"
"seo-migration\_deploy\public_html\assets\img\thailand 12.png","129495","126.46","2026-08-19 11:40:35","STAGING"
"seo-migration\_deploy\public_html\assets\img\thailand 2.png","123525","120.63","2026-08-19 11:40:34","STAGING"
"seo-migration\_deploy\public_html\assets\img\thailand 3.png","168611","164.66","2026-08-19 13:06:25","STAGING"
"seo-migration\_deploy\public_html\assets\img\thailand 4.png","125415","122.48","2026-08-19 11:40:34","STAGING"
"seo-migration\_deploy\public_html\assets\img\thailand 5.png","129661","126.62","2026-08-19 11:40:34","STAGING"
"seo-migration\_deploy\public_html\assets\img\thailand 6.png","129091","126.07","2026-08-19 11:40:34","STAGING"
"seo-migration\_deploy\public_html\assets\img\thailand 7.png","94345","92.13","2026-08-19 11:40:34","STAGING"
"seo-migration\_deploy\public_html\assets\img\thailand 8.png","148608","145.12","2026-08-19 11:40:34","STAGING"
"seo-migration\_deploy\public_html\assets\img\thailand 9.png","128574","125.56","2026-08-19 11:40:35","STAGING"
"seo-migration\_deploy\public_html\assets\img\Thailand.png","679938","664","2026-08-19 11:36:27","STAGING"
"seo-migration\_deploy\public_html\assets\img\theme-img\error.svg","44745","43.7","2026-08-04 11:27:14","STAGING"
"seo-migration\_deploy\public_html\assets\img\theme-img\map.svg","1105","1.08","2026-08-04 11:27:14","STAGING"
"seo-migration\_deploy\public_html\assets\img\tour\tour_10_1.jpg","1819","1.78","2026-08-04 11:27:14","STAGING"
"seo-migration\_deploy\public_html\assets\img\tour\tour_10_2.jpg","1819","1.78","2026-08-04 11:27:14","STAGING"
"seo-migration\_deploy\public_html\assets\img\tour\tour_10_3.jpg","1819","1.78","2026-08-04 11:27:14","STAGING"
"seo-migration\_deploy\public_html\assets\img\tour\tour_10_4.jpg","1819","1.78","2026-08-04 11:27:14","STAGING"
"seo-migration\_deploy\public_html\assets\img\tour\tour_2_1.jpg","1641","1.6","2026-08-04 11:27:14","STAGING"
"seo-migration\_deploy\public_html\assets\img\tour\tour_2_2.jpg","2652","2.59","2026-08-04 11:27:14","STAGING"
"seo-migration\_deploy\public_html\assets\img\tour\tour_2_3.jpg","1641","1.6","2026-08-04 11:27:14","STAGING"
"seo-migration\_deploy\public_html\assets\img\tour\tour_2_4.jpg","2652","2.59","2026-08-04 11:27:14","STAGING"
"seo-migration\_deploy\public_html\assets\img\tour\tour_3_1.jpg","1819","1.78","2026-08-04 11:27:14","STAGING"
"seo-migration\_deploy\public_html\assets\img\tour\tour_3_2.jpg","1819","1.78","2026-08-04 11:27:14","STAGING"
"seo-migration\_deploy\public_html\assets\img\tour\tour_3_3.jpg","1819","1.78","2026-08-04 11:27:14","STAGING"
"seo-migration\_deploy\public_html\assets\img\tour\tour_3_4.jpg","1819","1.78","2026-08-04 11:27:14","STAGING"
"seo-migration\_deploy\public_html\assets\img\tour\tour_3_5.jpg","1819","1.78","2026-08-04 11:27:15","STAGING"
"seo-migration\_deploy\public_html\assets\img\tour\tour_3_6.jpg","1819","1.78","2026-08-04 11:27:15","STAGING"
"seo-migration\_deploy\public_html\assets\img\tour\tour_3_7.jpg","1819","1.78","2026-08-04 11:27:15","STAGING"
"seo-migration\_deploy\public_html\assets\img\tour\tour_3_8.jpg","1819","1.78","2026-08-04 11:27:15","STAGING"
"seo-migration\_deploy\public_html\assets\img\tour\tour_3_9.jpg","1819","1.78","2026-08-04 11:27:15","STAGING"
"seo-migration\_deploy\public_html\assets\img\tour\tour_4_1.jpg","2078","2.03","2026-08-04 11:27:15","STAGING"
"seo-migration\_deploy\public_html\assets\img\tour\tour_4_2.jpg","2078","2.03","2026-08-04 11:27:15","STAGING"
"seo-migration\_deploy\public_html\assets\img\tour\tour_4_3.jpg","2078","2.03","2026-08-04 11:27:15","STAGING"
"seo-migration\_deploy\public_html\assets\img\tour\tour_4_4.jpg","2078","2.03","2026-08-04 11:27:15","STAGING"
"seo-migration\_deploy\public_html\assets\img\tour\tour_4_5.jpg","2078","2.03","2026-08-04 11:27:15","STAGING"
"seo-migration\_deploy\public_html\assets\img\tour\tour_4_6.jpg","2078","2.03","2026-08-04 11:27:15","STAGING"
"seo-migration\_deploy\public_html\assets\img\tour\tour_4_7.jpg","2078","2.03","2026-08-04 11:27:15","STAGING"
"seo-migration\_deploy\public_html\assets\img\tour\tour_4_8.jpg","2078","2.03","2026-08-04 11:27:15","STAGING"
"seo-migration\_deploy\public_html\assets\img\tour\tour_5_1.jpg","2078","2.03","2026-08-04 11:27:15","STAGING"
"seo-migration\_deploy\public_html\assets\img\tour\tour_5_2.jpg","2078","2.03","2026-08-04 11:27:15","STAGING"
"seo-migration\_deploy\public_html\assets\img\tour\tour_5_3.jpg","2078","2.03","2026-08-04 11:27:15","STAGING"
"seo-migration\_deploy\public_html\assets\img\tour\tour_5_4.jpg","2078","2.03","2026-08-04 11:27:15","STAGING"
"seo-migration\_deploy\public_html\assets\img\tour\tour_5_5.jpg","2078","2.03","2026-08-04 11:27:15","STAGING"
"seo-migration\_deploy\public_html\assets\img\tour\tour_5_6.jpg","2078","2.03","2026-08-04 11:27:15","STAGING"
"seo-migration\_deploy\public_html\assets\img\tour\tour_5_7.jpg","2078","2.03","2026-08-04 11:27:15","STAGING"
"seo-migration\_deploy\public_html\assets\img\tour\tour_5_8.jpg","2078","2.03","2026-08-04 11:27:15","STAGING"
"seo-migration\_deploy\public_html\assets\img\tour\tour_6_1.jpg","1819","1.78","2026-08-04 11:27:15","STAGING"
"seo-migration\_deploy\public_html\assets\img\tour\tour_6_2.jpg","1819","1.78","2026-08-04 11:27:15","STAGING"
"seo-migration\_deploy\public_html\assets\img\tour\tour_6_3.jpg","1819","1.78","2026-08-04 11:27:15","STAGING"
"seo-migration\_deploy\public_html\assets\img\tour\tour_6_4.jpg","1819","1.78","2026-08-04 11:27:15","STAGING"
"seo-migration\_deploy\public_html\assets\img\tour\tour_7_1.jpg","1729","1.69","2026-08-04 11:27:15","STAGING"
"seo-migration\_deploy\public_html\assets\img\tour\tour_7_2.jpg","1729","1.69","2026-08-04 11:27:15","STAGING"
"seo-migration\_deploy\public_html\assets\img\tour\tour_7_3.jpg","1729","1.69","2026-08-04 11:27:15","STAGING"
"seo-migration\_deploy\public_html\assets\img\tour\tour_7_4.jpg","1729","1.69","2026-08-04 11:27:15","STAGING"
"seo-migration\_deploy\public_html\assets\img\tour\tour_8_1.jpg","1729","1.69","2026-08-04 11:27:15","STAGING"
"seo-migration\_deploy\public_html\assets\img\tour\tour_8_2.jpg","1729","1.69","2026-08-04 11:27:15","STAGING"
"seo-migration\_deploy\public_html\assets\img\tour\tour_8_3.jpg","1729","1.69","2026-08-04 11:27:15","STAGING"
"seo-migration\_deploy\public_html\assets\img\tour\tour_8_4.jpg","1729","1.69","2026-08-04 11:27:15","STAGING"
"seo-migration\_deploy\public_html\assets\img\tour\tour_9_1.jpg","1819","1.78","2026-08-04 11:27:15","STAGING"
"seo-migration\_deploy\public_html\assets\img\tour\tour_9_2.jpg","1819","1.78","2026-08-04 11:27:15","STAGING"
"seo-migration\_deploy\public_html\assets\img\tour\tour_9_3.jpg","1819","1.78","2026-08-04 11:27:15","STAGING"
"seo-migration\_deploy\public_html\assets\img\tour\tour_9_4.jpg","1819","1.78","2026-08-04 11:27:15","STAGING"
"seo-migration\_deploy\public_html\assets\img\tour\tour_box_1.jpg","1819","1.78","2026-08-04 11:27:15","STAGING"
"seo-migration\_deploy\public_html\assets\img\tour\tour_box_10.jpg","1819","1.78","2026-08-04 11:27:15","STAGING"
"seo-migration\_deploy\public_html\assets\img\tour\tour_box_11.jpg","1819","1.78","2026-08-04 11:27:15","STAGING"
"seo-migration\_deploy\public_html\assets\img\tour\tour_box_12.jpg","1819","1.78","2026-08-04 11:27:15","STAGING"
"seo-migration\_deploy\public_html\assets\img\tour\tour_box_13.jpg","1819","1.78","2026-08-04 11:27:15","STAGING"
"seo-migration\_deploy\public_html\assets\img\tour\tour_box_14.jpg","1819","1.78","2026-08-04 11:27:15","STAGING"
"seo-migration\_deploy\public_html\assets\img\tour\tour_box_15.jpg","1819","1.78","2026-08-04 11:27:15","STAGING"
"seo-migration\_deploy\public_html\assets\img\tour\tour_box_16.jpg","1819","1.78","2026-08-04 11:27:15","STAGING"
"seo-migration\_deploy\public_html\assets\img\tour\tour_box_17.jpg","1819","1.78","2026-08-04 11:27:15","STAGING"
"seo-migration\_deploy\public_html\assets\img\tour\tour_box_18.jpg","1819","1.78","2026-08-04 11:27:16","STAGING"
"seo-migration\_deploy\public_html\assets\img\tour\tour_box_19.jpg","1819","1.78","2026-08-04 11:27:16","STAGING"
"seo-migration\_deploy\public_html\assets\img\tour\tour_box_2.jpg","1819","1.78","2026-08-04 11:27:16","STAGING"
"seo-migration\_deploy\public_html\assets\img\tour\tour_box_20.jpg","1819","1.78","2026-08-04 11:27:16","STAGING"
"seo-migration\_deploy\public_html\assets\img\tour\tour_box_3.jpg","1819","1.78","2026-08-04 11:27:16","STAGING"
"seo-migration\_deploy\public_html\assets\img\tour\tour_box_4.jpg","1819","1.78","2026-08-04 11:27:16","STAGING"
"seo-migration\_deploy\public_html\assets\img\tour\tour_box_5.jpg","1819","1.78","2026-08-04 11:27:16","STAGING"
"seo-migration\_deploy\public_html\assets\img\tour\tour_box_6.jpg","1819","1.78","2026-08-04 11:27:16","STAGING"
"seo-migration\_deploy\public_html\assets\img\tour\tour_box_7.jpg","1819","1.78","2026-08-04 11:27:16","STAGING"
"seo-migration\_deploy\public_html\assets\img\tour\tour_box_8.jpg","1819","1.78","2026-08-04 11:27:16","STAGING"
"seo-migration\_deploy\public_html\assets\img\tour\tour_box_9.jpg","1819","1.78","2026-08-04 11:27:16","STAGING"
"seo-migration\_deploy\public_html\assets\img\tour\tour_inner_1.jpg","6500","6.35","2026-08-04 11:27:16","STAGING"
"seo-migration\_deploy\public_html\assets\img\tour\tour_inner_2.jpg","6500","6.35","2026-08-04 11:27:16","STAGING"
"seo-migration\_deploy\public_html\assets\img\tour\tour_inner_2_1.jpg","6500","6.35","2026-08-04 11:27:16","STAGING"
"seo-migration\_deploy\public_html\assets\img\tour\tour_inner_2_2.jpg","6500","6.35","2026-08-04 11:27:16","STAGING"
"seo-migration\_deploy\public_html\assets\img\tour\tour_inner_2_3.jpg","6500","6.35","2026-08-04 11:27:16","STAGING"
"seo-migration\_deploy\public_html\assets\img\tour\tour_inner_2_4.jpg","6500","6.35","2026-08-04 11:27:16","STAGING"
"seo-migration\_deploy\public_html\assets\img\tour\tour_inner_3.jpg","6500","6.35","2026-08-04 11:27:16","STAGING"
"seo-migration\_deploy\public_html\assets\img\tour\tour_inner_4.jpg","6500","6.35","2026-08-04 11:27:16","STAGING"
"seo-migration\_deploy\public_html\assets\img\tour\tour-1_1.jpg","2051","2","2026-08-04 11:27:14","STAGING"
"seo-migration\_deploy\public_html\assets\img\tour\tour-1_2.jpg","2051","2","2026-08-04 11:27:14","STAGING"
"seo-migration\_deploy\public_html\assets\img\tour\tour-1_3.jpg","2051","2","2026-08-04 11:27:14","STAGING"
"seo-migration\_deploy\public_html\assets\img\travel risk.png","110469","107.88","2026-08-04 11:27:22","STAGING"
"seo-migration\_deploy\public_html\assets\img\vietnam 1.png","125542","122.6","2026-08-10 17:27:20","STAGING"
"seo-migration\_deploy\public_html\assets\img\Vietnam 10.png","128855","125.83","2026-08-11 11:41:42","STAGING"
"seo-migration\_deploy\public_html\assets\img\Vietnam 11.png","148981","145.49","2026-08-11 11:41:42","STAGING"
"seo-migration\_deploy\public_html\assets\img\Vietnam 12.png","139880","136.6","2026-08-11 11:41:42","STAGING"
"seo-migration\_deploy\public_html\assets\img\vietnam 2.png","145027","141.63","2026-08-10 17:27:20","STAGING"
"seo-migration\_deploy\public_html\assets\img\vietnam 3.png","122428","119.56","2026-08-10 17:27:20","STAGING"
"seo-migration\_deploy\public_html\assets\img\vietnam 4.png","126548","123.58","2026-08-10 17:27:20","STAGING"
"seo-migration\_deploy\public_html\assets\img\vietnam 5.png","155407","151.76","2026-08-10 17:27:20","STAGING"
"seo-migration\_deploy\public_html\assets\img\Vietnam 6.png","125244","122.31","2026-08-11 11:41:42","STAGING"
"seo-migration\_deploy\public_html\assets\img\vietnam 7.png","129600","126.56","2026-08-10 17:27:20","STAGING"
"seo-migration\_deploy\public_html\assets\img\vietnam 8.png","142094","138.76","2026-08-10 17:27:20","STAGING"
"seo-migration\_deploy\public_html\assets\img\Vietnam 9.png","106980","104.47","2026-08-11 11:41:42","STAGING"
"seo-migration\_deploy\public_html\assets\img\Vietnam New.png","509636","497.69","2026-08-10 16:16:51","STAGING"
"seo-migration\_deploy\public_html\assets\img\Vietnam.png","571499","558.1","2026-08-10 16:13:39","STAGING"
"seo-migration\_deploy\public_html\assets\img\Vikas Tyagi.png","89274","87.18","2026-08-19 11:52:14","STAGING"
"seo-migration\_deploy\public_html\assets\img\VIP executive.png","110574","107.98","2026-08-04 11:27:22","STAGING"
"seo-migration\_deploy\public_html\assets\img\visa document.png","114391","111.71","2026-08-04 11:27:22","STAGING"
"seo-migration\_deploy\public_html\assets\img\widget\gallery_1_1.jpg","756","0.74","2026-08-04 11:27:16","STAGING"
"seo-migration\_deploy\public_html\assets\img\widget\gallery_1_2.jpg","756","0.74","2026-08-04 11:27:16","STAGING"
"seo-migration\_deploy\public_html\assets\img\widget\gallery_1_3.jpg","756","0.74","2026-08-04 11:27:16","STAGING"
"seo-migration\_deploy\public_html\assets\img\widget\gallery_1_4.jpg","756","0.74","2026-08-04 11:27:16","STAGING"
"seo-migration\_deploy\public_html\assets\img\widget\gallery_1_5.jpg","756","0.74","2026-08-04 11:27:16","STAGING"
"seo-migration\_deploy\public_html\assets\img\widget\gallery_1_6.jpg","756","0.74","2026-08-04 11:27:16","STAGING"
"seo-migration\_deploy\public_html\assets\img\widget\gallery_2_1.jpg","756","0.74","2026-08-04 11:27:16","STAGING"
"seo-migration\_deploy\public_html\assets\img\widget\gallery_2_2.jpg","756","0.74","2026-08-04 11:27:16","STAGING"
"seo-migration\_deploy\public_html\assets\img\widget\gallery_2_3.jpg","756","0.74","2026-08-04 11:27:16","STAGING"
"seo-migration\_deploy\public_html\assets\img\widget\gallery_2_4.jpg","756","0.74","2026-08-04 11:27:16","STAGING"
"seo-migration\_deploy\public_html\assets\img\widget\gallery_2_5.jpg","756","0.74","2026-08-04 11:27:16","STAGING"
"seo-migration\_deploy\public_html\assets\img\widget\gallery_2_6.jpg","756","0.74","2026-08-04 11:27:16","STAGING"
"seo-migration\_deploy\public_html\assets\js\360.js","569953","556.59","2026-08-04 11:27:16","STAGING"
"seo-migration\_deploy\public_html\assets\js\app.min.js","479882","468.63","2026-08-04 11:27:16","STAGING"
"seo-migration\_deploy\public_html\assets\js\bootstrap.min.js","80678","78.79","2026-08-04 11:27:16","STAGING"
"seo-migration\_deploy\public_html\assets\js\circle-progress.js","4429","4.33","2026-08-04 11:27:16","STAGING"
"seo-migration\_deploy\public_html\assets\js\gsap.min.js","68804","67.19","2026-08-04 11:27:16","STAGING"
"seo-migration\_deploy\public_html\assets\js\imagesloaded.pkgd.min.js","5388","5.26","2026-08-04 11:27:16","STAGING"
"seo-migration\_deploy\public_html\assets\js\isotope.pkgd.min.js","34825","34.01","2026-08-04 11:27:16","STAGING"
"seo-migration\_deploy\public_html\assets\js\jquery.counterup.min.js","10544","10.3","2026-08-04 11:27:16","STAGING"
"seo-migration\_deploy\public_html\assets\js\jquery.magnific-popup.min.js","20214","19.74","2026-08-04 11:27:16","STAGING"
"seo-migration\_deploy\public_html\assets\js\jquery-ui.min.js","21889","21.38","2026-08-04 11:27:16","STAGING"
"seo-migration\_deploy\public_html\assets\js\main.js","61735","60.29","2026-08-04 11:27:16","STAGING"
"seo-migration\_deploy\public_html\assets\js\matter.min.js","85223","83.23","2026-08-04 11:27:16","STAGING"
"seo-migration\_deploy\public_html\assets\js\matterjs-custom.js","4122","4.03","2026-08-04 11:27:16","STAGING"
"seo-migration\_deploy\public_html\assets\js\nice-select.min.js","2838","2.77","2026-08-04 11:27:16","STAGING"
"seo-migration\_deploy\public_html\assets\js\panolens.min.js","111151","108.55","2026-08-04 11:27:16","STAGING"
"seo-migration\_deploy\public_html\assets\js\swiper-bundle.min.js","141783","138.46","2026-08-04 11:27:16","STAGING"
"seo-migration\_deploy\public_html\assets\js\vendor\jquery-3.6.0.min.js","89501","87.4","2026-08-04 11:27:17","STAGING"
"seo-migration\_deploy\public_html\assets\js\vendor\jquery-3.7.1.min.js","87532","85.48","2026-08-04 11:27:17","STAGING"
"seo-migration\_deploy\public_html\assets\sass\base\_extend.scss","0","0","2026-08-04 11:27:17","STAGING"
"seo-migration\_deploy\public_html\assets\sass\base\_function.scss","432","0.42","2026-08-04 11:27:17","STAGING"
"seo-migration\_deploy\public_html\assets\sass\base\_mixin.scss","2998","2.93","2026-08-04 11:27:17","STAGING"
"seo-migration\_deploy\public_html\assets\sass\base\_typography.scss","2931","2.86","2026-08-04 11:27:17","STAGING"
"seo-migration\_deploy\public_html\assets\sass\base\_variable.scss","3700","3.61","2026-08-04 11:27:17","STAGING"
"seo-migration\_deploy\public_html\assets\sass\base\_wpdefault.scss","10669","10.42","2026-08-04 11:27:17","STAGING"
"seo-migration\_deploy\public_html\assets\sass\reset\_container.scss","1256","1.23","2026-08-04 11:27:17","STAGING"
"seo-migration\_deploy\public_html\assets\sass\reset\_grid.scss","878","0.86","2026-08-04 11:27:17","STAGING"
"seo-migration\_deploy\public_html\assets\sass\reset\_input.scss","6685","6.53","2026-08-04 11:27:17","STAGING"
"seo-migration\_deploy\public_html\assets\sass\reset\_mobilemenu.scss","4432","4.33","2026-08-04 11:27:17","STAGING"
"seo-migration\_deploy\public_html\assets\sass\reset\_nice-select.scss","5842","5.71","2026-08-04 11:27:17","STAGING"
"seo-migration\_deploy\public_html\assets\sass\reset\_slider.scss","6738","6.58","2026-08-04 11:27:17","STAGING"
"seo-migration\_deploy\public_html\assets\sass\spacing\_margin.scss","1552","1.52","2026-08-04 11:27:17","STAGING"
"seo-migration\_deploy\public_html\assets\sass\spacing\_padding.scss","891","0.87","2026-08-04 11:27:17","STAGING"
"seo-migration\_deploy\public_html\assets\sass\spacing\_section-space.scss","953","0.93","2026-08-04 11:27:17","STAGING"
"seo-migration\_deploy\public_html\assets\sass\spacing\_spacing.scss","102","0.1","2026-08-04 11:27:17","STAGING"
"seo-migration\_deploy\public_html\assets\sass\style.scss","8091","7.9","2026-08-04 11:27:17","STAGING"
"seo-migration\_deploy\public_html\assets\sass\template\breadcumb\_breadcumb-v1.scss","2418","2.36","2026-08-04 11:27:17","STAGING"
"seo-migration\_deploy\public_html\assets\sass\template\footers\_footer.scss","7384","7.21","2026-08-04 11:27:17","STAGING"
"seo-migration\_deploy\public_html\assets\sass\template\headers\_header.scss","23690","23.13","2026-08-04 11:27:17","STAGING"
"seo-migration\_deploy\public_html\assets\sass\template\sections\_about.scss","18420","17.99","2026-08-04 11:27:17","STAGING"
"seo-migration\_deploy\public_html\assets\sass\template\sections\_blog.scss","19255","18.8","2026-08-04 11:27:17","STAGING"
"seo-migration\_deploy\public_html\assets\sass\template\sections\_blog-extra.scss","15694","15.33","2026-08-04 11:27:17","STAGING"
"seo-migration\_deploy\public_html\assets\sass\template\sections\_booking.scss","14034","13.71","2026-08-04 11:27:17","STAGING"
"seo-migration\_deploy\public_html\assets\sass\template\sections\_brand.scss","1748","1.71","2026-08-04 11:27:17","STAGING"
"seo-migration\_deploy\public_html\assets\sass\template\sections\_cart.scss","7073","6.91","2026-08-04 11:27:17","STAGING"
"seo-migration\_deploy\public_html\assets\sass\template\sections\_category.scss","7674","7.49","2026-08-04 11:27:17","STAGING"
"seo-migration\_deploy\public_html\assets\sass\template\sections\_checkout.scss","4192","4.09","2026-08-04 11:27:17","STAGING"
"seo-migration\_deploy\public_html\assets\sass\template\sections\_color-plate.scss","1344","1.31","2026-08-04 11:27:17","STAGING"
"seo-migration\_deploy\public_html\assets\sass\template\sections\_comments.scss","7732","7.55","2026-08-04 11:27:17","STAGING"
"seo-migration\_deploy\public_html\assets\sass\template\sections\_contact.scss","7643","7.46","2026-08-04 11:27:17","STAGING"
"seo-migration\_deploy\public_html\assets\sass\template\sections\_counter.scss","4676","4.57","2026-08-04 11:27:17","STAGING"
"seo-migration\_deploy\public_html\assets\sass\template\sections\_course.scss","0","0","2026-08-04 11:27:17","STAGING"
"seo-migration\_deploy\public_html\assets\sass\template\sections\_cta.scss","2711","2.65","2026-08-04 11:27:17","STAGING"
"seo-migration\_deploy\public_html\assets\sass\template\sections\_destination.scss","15666","15.3","2026-08-04 11:27:17","STAGING"
"seo-migration\_deploy\public_html\assets\sass\template\sections\_error.scss","760","0.74","2026-08-04 11:27:17","STAGING"
"seo-migration\_deploy\public_html\assets\sass\template\sections\_faq.scss","9507","9.28","2026-08-04 11:27:17","STAGING"
"seo-migration\_deploy\public_html\assets\sass\template\sections\_feature.scss","7095","6.93","2026-08-04 11:27:17","STAGING"
"seo-migration\_deploy\public_html\assets\sass\template\sections\_gallery.scss","6086","5.94","2026-08-04 11:27:17","STAGING"
"seo-migration\_deploy\public_html\assets\sass\template\sections\_hero.scss","46528","45.44","2026-08-04 11:27:17","STAGING"
"seo-migration\_deploy\public_html\assets\sass\template\sections\_marquee.scss","1447","1.41","2026-08-04 11:27:17","STAGING"
"seo-migration\_deploy\public_html\assets\sass\template\sections\_megamenu.scss","5858","5.72","2026-08-04 11:27:17","STAGING"
"seo-migration\_deploy\public_html\assets\sass\template\sections\_model.scss","1346","1.31","2026-08-04 11:27:17","STAGING"
"seo-migration\_deploy\public_html\assets\sass\template\sections\_pagination-v1.scss","2025","1.98","2026-08-04 11:27:17","STAGING"
"seo-migration\_deploy\public_html\assets\sass\template\sections\_popupsearch-v1.scss","2469","2.41","2026-08-04 11:27:17","STAGING"
"seo-migration\_deploy\public_html\assets\sass\template\sections\_pricing.scss","8829","8.62","2026-08-04 11:27:17","STAGING"
"seo-migration\_deploy\public_html\assets\sass\template\sections\_process.scss","0","0","2026-08-04 11:27:17","STAGING"
"seo-migration\_deploy\public_html\assets\sass\template\sections\_products.scss","28037","27.38","2026-08-04 11:27:17","STAGING"
"seo-migration\_deploy\public_html\assets\sass\template\sections\_project.scss","0","0","2026-08-04 11:27:17","STAGING"
"seo-migration\_deploy\public_html\assets\sass\template\sections\_service.scss","1370","1.34","2026-08-04 11:27:17","STAGING"
"seo-migration\_deploy\public_html\assets\sass\template\sections\_sidemenu-v1.scss","2444","2.39","2026-08-04 11:27:18","STAGING"
"seo-migration\_deploy\public_html\assets\sass\template\sections\_simple-sections.scss","9133","8.92","2026-08-04 11:27:18","STAGING"
"seo-migration\_deploy\public_html\assets\sass\template\sections\_tabmenu.scss","774","0.76","2026-08-04 11:27:18","STAGING"
"seo-migration\_deploy\public_html\assets\sass\template\sections\_team.scss","13341","13.03","2026-08-04 11:27:18","STAGING"
"seo-migration\_deploy\public_html\assets\sass\template\sections\_testimonial.scss","21290","20.79","2026-08-04 11:27:18","STAGING"
"seo-migration\_deploy\public_html\assets\sass\template\sections\_tour.scss","11919","11.64","2026-08-04 11:27:18","STAGING"
"seo-migration\_deploy\public_html\assets\sass\template\sections\_trip.scss","14772","14.43","2026-08-04 11:27:18","STAGING"
"seo-migration\_deploy\public_html\assets\sass\template\sections\_why.scss","21673","21.17","2026-08-04 11:27:18","STAGING"
"seo-migration\_deploy\public_html\assets\sass\template\sections\_wishlist.scss","5585","5.45","2026-08-04 11:27:18","STAGING"
"seo-migration\_deploy\public_html\assets\sass\template\sections\_woocommerce.scss","9392","9.17","2026-08-04 11:27:18","STAGING"
"seo-migration\_deploy\public_html\assets\sass\template\widgets\_widget-default-list.scss","2069","2.02","2026-08-04 11:27:18","STAGING"
"seo-migration\_deploy\public_html\assets\sass\template\widgets\_widget-footer.scss","5104","4.98","2026-08-04 11:27:18","STAGING"
"seo-migration\_deploy\public_html\assets\sass\template\widgets\_widget-sidebar.scss","27843","27.19","2026-08-04 11:27:18","STAGING"
"seo-migration\_deploy\public_html\assets\sass\utilities\_animation.scss","14017","13.69","2026-08-04 11:27:18","STAGING"
"seo-migration\_deploy\public_html\assets\sass\utilities\_background.scss","1798","1.76","2026-08-04 11:27:18","STAGING"
"seo-migration\_deploy\public_html\assets\sass\utilities\_btns.scss","10109","9.87","2026-08-04 11:27:18","STAGING"
"seo-migration\_deploy\public_html\assets\sass\utilities\_common.scss","5794","5.66","2026-08-04 11:27:18","STAGING"
"seo-migration\_deploy\public_html\assets\sass\utilities\_font.scss","457","0.45","2026-08-04 11:27:18","STAGING"
"seo-migration\_deploy\public_html\assets\sass\utilities\_overlay.scss","670","0.65","2026-08-04 11:27:18","STAGING"
"seo-migration\_deploy\public_html\assets\sass\utilities\_preloader.scss","2512","2.45","2026-08-04 11:27:18","STAGING"
"seo-migration\_deploy\public_html\assets\sass\utilities\_text-color.scss","272","0.27","2026-08-04 11:27:18","STAGING"
"seo-migration\_deploy\public_html\assets\sass\utilities\_titles.scss","4183","4.08","2026-08-04 11:27:18","STAGING"
"seo-migration\_deploy\public_html\blog\index.html","19598","19.14","2026-08-21 15:46:04","STAGING"
"seo-migration\_deploy\public_html\conferences-event\index.html","37390","36.51","2026-08-21 15:46:04","STAGING"
"seo-migration\_deploy\public_html\contact-us\index.html","38252","37.36","2026-08-21 15:46:03","STAGING"
"seo-migration\_deploy\public_html\corporate-celebration\index.html","36709","35.85","2026-08-21 15:46:04","STAGING"
"seo-migration\_deploy\public_html\corporate-event-planners-in-pune\index.html","74738","72.99","2026-08-21 15:46:04","STAGING"
"seo-migration\_deploy\public_html\corporate-travel\index.html","37252","36.38","2026-08-21 15:46:04","STAGING"
"seo-migration\_deploy\public_html\corporate-travel-agency-in-bangalore\index.html","77411","75.6","2026-08-21 15:46:04","STAGING"
"seo-migration\_deploy\public_html\corporate-travel-agency-in-mumbai\index.html","77663","75.84","2026-08-21 15:46:04","STAGING"
"seo-migration\_deploy\public_html\corporate-travel-consultancy\index.html","37038","36.17","2026-08-21 15:46:04","STAGING"
"seo-migration\_deploy\public_html\customized-group\index.html","37142","36.27","2026-08-21 15:46:04","STAGING"
"seo-migration\_deploy\public_html\destination-management\index.html","36887","36.02","2026-08-21 15:46:04","STAGING"
"seo-migration\_deploy\public_html\incentive\index.html","37357","36.48","2026-08-21 15:46:04","STAGING"
"seo-migration\_deploy\public_html\index.html","80546","78.66","2026-08-21 15:46:03","STAGING"
"seo-migration\_deploy\public_html\mail.php","1265","1.24","2026-08-04 16:18:55","STAGING"
"seo-migration\_deploy\public_html\mice-company-in-delhi\index.html","75664","73.89","2026-08-21 15:46:04","STAGING"
"seo-migration\_deploy\public_html\mice-company-in-gurugram\index.html","76606","74.81","2026-08-21 15:46:04","STAGING"
"seo-migration\_deploy\public_html\mice-company-in-noida\index.html","75243","73.48","2026-08-21 15:46:04","STAGING"
"seo-migration\_deploy\public_html\mice-event\index.html","37213","36.34","2026-08-21 15:46:04","STAGING"
"seo-migration\_deploy\public_html\offsite-events\index.html","36835","35.97","2026-08-21 15:46:04","STAGING"
"seo-migration\_deploy\public_html\our-services\index.html","67345","65.77","2026-08-21 15:46:04","STAGING"
"seo-migration\_deploy\public_html\robots.txt","401","0.39","2026-08-21 15:23:42","STAGING"
"seo-migration\_deploy\public_html\sitemap.xml","4124","4.03","2026-08-21 15:27:23","STAGING"
